type,rd_percentage,pause,bandwidth_mean,bandwidth_std,bandwidth_min,bandwidth_max,rd_mapped_mean,latency_mean,latency_std,latency_min,latency_max,bandwidth_smooth,latency_smooth
DDR5-4800,0,0,187.63055291295535,0.03265606500793457,187.60746158794137,187.65364423796933,0.46250644571966126,483.26097550191304,1.3816591636879987,482.07127968305855,484.7763938532692,187.68516598086694,483.7349592303368
DDR5-4800,0,5,187.7395106357285,0.029055358676027945,187.71896539457887,187.76005587687814,0.4639945048743179,487.17935453175807,1.4593310184644177,486.26148054529426,488.8621287405469,187.77379030781384,486.64915906874137
DDR5-4800,0,10,187.92826617862505,0.026475182778963657,187.9095453973489,187.9469869599012,0.4659902778156757,488.288362358034,1.6540833235614256,486.7790958192057,490.05669061479097,187.75745662224526,488.4876030947038
DDR5-4800,0,15,187.7189802140109,0.038013628919288424,187.69210051922457,187.74585990879723,0.4682546995199316,490.6637957142062,1.21563887963993,489.787045182408,492.05151773679427,187.66474445566377,489.47445358819584
DDR5-4800,0,20,187.51148422811121,0.07489053188933473,187.4585286251656,187.56443983105683,0.4700857140333141,489.6279513970491,2.544654512622516,486.82526102478425,491.79347038312545,187.52423333957188,489.8338728291893
DDR5-4800,0,25,187.24764213554317,0.03691676928662327,187.22153803764112,187.27374623344525,0.4717249227641733,488.3676329635089,0.8684638538228162,487.56514444034445,489.2896829403428,187.3645028054726,489.79002309765724
DDR5-4800,0,30,187.05974585169855,0.0391097735689272,187.03209106559729,187.0874006377998,0.47346749706967484,489.6705320792112,1.4877237274224755,488.2596492416639,491.22472499469734,187.2553277100874,489.78694152291007
DDR5-4800,0,35,187.11231057557427,0.038995881147740365,187.08473632357638,187.1398848275722,0.47499892279450673,489.18976955922017,1.0152392766074496,488.0185756314164,489.81940487428426,187.16939012959838,489.936290553747
DDR5-4800,0,40,187.08016342858718,0.11107288482805716,187.0016230385193,187.15870381865506,0.47611958695899037,489.61538918137177,1.1911935332074184,488.24151673576426,490.3597528449632,187.165907911031,490.1157075764001
DDR5-4800,0,45,187.41126850273037,0.006568961204514188,187.4066235457173,187.41591345974345,0.47669809663091023,491.5637830205819,2.5068198253647465,489.5595926427809,494.3746239997993,187.11932741702975,490.359040474185
DDR5-4800,0,50,187.08441243884016,0.0629690424839418,187.03988660189492,187.12893827578537,0.4774112299928259,490.4118396768378,2.4281063276463235,487.65431696682947,492.2296360147275,187.06714976680536,490.1329463500631
DDR5-4800,0,55,186.9740049285411,0.09142762144304517,186.90935583743098,187.03865401965123,0.4781025070500228,489.79306314009364,2.5609023611210873,487.930926472806,492.71349221966886,186.9279541729419,489.21193950799625
DDR5-4800,0,60,186.82175628921638,0.06419197012883925,186.77636571184055,186.8671468665922,0.47905106041920764,488.8329840015368,0.7801584043848466,487.93221619276255,489.2938632353311,186.79142690864182,488.49793994562094
DDR5-4800,0,65,186.35433232522644,0.04798407238037608,186.3204024622573,186.38826218819554,0.48001958465126426,486.2898765603339,0.207931465113328,486.09741647048156,486.51042405996657,186.61608428837957,487.58957783222826
DDR5-4800,0,70,186.38838915612345,0.11082235915109163,186.31002591446062,186.46675239778628,0.48068955920843953,484.90880690896824,1.6604752722711265,483.0286610362609,486.17440519430437,186.41075992764183,486.35341795381385
DDR5-4800,0,80,186.08197976885506,0.016382844352838585,186.07039534851805,186.09356418919208,0.48208136375750094,484.37822965686286,0.4966727650292416,484.07115454203847,484.95124604677255,186.31690888185523,486.11013132222627
DDR5-4800,0,90,186.21535569166718,0.040262798067455675,186.18688559412413,186.2438257892102,0.4835063853460615,485.0323815742542,1.5866602025207506,483.31334351606023,486.4406917422408,185.97024773426904,483.85912763173644
DDR5-4800,0,100,185.5593672392618,0.18168792850136975,185.43089447295873,185.68784000556485,0.48464188175563117,481.4182688666299,2.7346500571036927,478.8247014888746,484.2749779151321,185.41835376761253,479.9517691246288
DDR5-4800,0,120,185.13306152084692,0.012291185081362553,185.12437034052707,185.14175270116675,0.48702429968579264,476.83972096722863,1.775284438682149,475.02588959271577,478.57376823219903,184.741296151542,474.57326709427105
DDR5-4800,0,140,184.36615398452312,0.09111042494104994,184.30172918521052,184.43057878383573,0.4893946711877774,471.84347569550226,1.6443593181765936,470.21441469471733,473.5027178384482,183.40396112504772,466.78107780473397
DDR5-4800,0,160,182.36490812051662,0.055499197825097504,182.32566426138408,182.40415197964916,0.49428927968003,452.9122113627018,2.6239103181127623,450.16519291259203,455.39266348762374,183.49965399519346,463.7921524352871
DDR5-4800,0,180,181.89168955108403,0.005349398659419674,181.8879069550167,181.8954721471514,0.49590712262682923,446.6915136115747,0.5810350776158268,446.08148342354514,447.2383946574916,184.56059263132414,459.75929401725625
DDR5-4800,0,200,181.6187289852819,0.009760970455637395,181.61182693688178,181.62563103368205,0.49706354837556166,438.5122541363283,0.9130949995381741,437.7835753215285,439.53652753044815,184.80045926750284,444.36810867366205
DDR5-4800,0,220,181.18772116179088,0.006714520770709441,181.1829732786215,181.19246904496026,0.498350850445489,428.0663815432631,1.3338153351500914,426.70843164663717,429.374675494127,183.53985014171974,417.0211986911693
DDR5-4800,0,260,187.0107159701885,0.25573294110676364,186.82988547335913,187.19154646701787,0.5000127623881285,424.304796908985,4.978320517900567,420.4150951296923,429.9152091785669,179.61137347613789,378.67710725440327
DDR5-4800,0,300,177.15591454517445,0.012126464901966685,177.14733983961045,177.16448925073846,0.500180722635647,345.06449325611146,0.3913173080775302,344.70068655118894,345.47848009934944,171.0350638769728,332.20566370725044
DDR5-4800,0,340,159.57555483213332,0.02454840627337481,159.5581964875901,159.59291317667655,0.5002339546424575,253.32724273349777,1.3538727097108736,252.0105743996271,254.7154807900217,158.90196759238188,280.92310375279357
DDR5-4800,0,380,144.42971549838265,0.06156045951387301,144.38618568000743,144.47324531675787,0.5002598612016349,210.71401080178484,0.3656326542804579,210.35347184423412,211.0845326995786,143.71525939089847,230.953722768029
DDR5-4800,0,450,124.05618088931698,0.019180257566693445,124.04261839912665,124.06974337950729,0.5002530998605521,176.52594123344429,0.17551480916559994,176.34381004335117,176.69399137520568,126.58181624090541,187.52953249757869
DDR5-4800,0,550,103.1304322970202,0.007998535752370419,103.12477647815015,103.13608811589027,0.5002859056127856,155.41633340115385,0.0666211734995992,155.34595165220233,155.47841642726087,109.04235528242828,155.81187739847795
DDR5-4800,0,600,95.09561963952933,0.0030164458075431413,95.09348669024374,95.09775258881493,0.5002753542210809,149.09056059688797,0.049943578562418975,149.03633839219566,149.1346812679632,95.49631650416117,142.8376580525832
DDR5-4800,0,700,82.28933766291212,0.016217629128189182,82.27787006738082,82.30080525844343,0.5003328878096932,140.3777407266845,0.07536391447607817,140.3285542903294,140.4645050029532,83.59717975603468,138.13006627812143
DDR5-4800,0,800,72.52556072649365,0.00889037224432518,72.51927428399242,72.53184716899489,0.5003690046975768,135.39433522858863,0.16230913613256237,135.25412794570903,135.57214538813545,72.6386976841588,133.7589472583121
DDR5-4800,0,900,64.81733363224856,0.009311190686793416,64.81074962617302,64.82391763832412,0.5003882287790475,132.4660394467397,0.10438029798716812,132.35146646082273,132.55572994842308,62.71450911241756,131.09623131838129
DDR5-4800,0,1000,58.60073650208895,0.014614285106710657,58.5904026419878,58.6110703621901,0.5003911067924913,130.34518927505795,0.04300989401135501,130.29580367662038,130.3744260794582,53.05794040868933,128.45395724815387
DDR5-4800,0,1500,39.66208544132766,0.013342605054941187,39.65265079481462,39.671520087840705,0.5008354161746715,124.76550647154795,0.07683874226053271,124.67714558696824,124.81664808251841,41.634857040740755,125.09325360883906
DDR5-4800,0,2000,29.948514895786502,0.010491710034675904,29.94109613647474,29.955933655098267,0.500768310508735,122.17500351760593,0.14426405123707473,122.01384379533445,122.29209056183446,30.73257223661099,122.39573115305663
DDR5-4800,0,3000,20.11738459251393,0.004606872664446776,20.114127041612836,20.120642143415022,0.5009323430942905,119.39046682096098,0.12359594317998307,119.26111660724916,119.50736595322742,20.418699524886293,119.57569995943898
DDR5-4800,0,5000,12.184033471689524,0.009698640955377811,12.177175496901684,12.190891446477366,0.5010952077707596,117.22807024420847,0.03626248208547775,117.187253749699,117.25657033544145,11.041627461128058,116.85570195517823
DDR5-4800,0,40000,1.6474618895268214,0.006309803750610076,1.6430001845068085,1.651923594546834,0.5053043252406034,114.03858955196098,0.14102427522736874,113.89700359925416,114.179045357,3.760407256474238,114.43427380108321
DDR5-4800,0,100000,0.7337678444310881,0.0014477005348932015,0.7327441655657377,0.7347915232964385,0.5112996554192623,112.9664454626098,0.31777302639879407,112.62007718405016,113.24451743727758,-0.7111126594645043,112.365439105477
DDR5-4800,0,500000,0.22604865233123217,0.003170474522651557,0.22380678829668607,0.22829051636577827,0.5260462196924243,110.70320410580155,0.3709246397100561,110.40019146647992,111.11686037044146,-1.6590838570774764,110.703221476683
DDR5-4800,0,1000000,0.15295574746700896,0.0012356992525393647,0.15208197614603125,0.1538295187879867,0.527023460813631,109.30989273005297,0.3241271610430844,109.11585543530268,109.684076603801,1.6303420932459858,109.50164452302464
DDR5-4800,20,0,193.13023270311942,0.0570896679289544,193.08986421179117,193.17060119444767,0.5623653399939625,437.55429442738233,0.33351880558394764,437.3279725091237,437.937304577107,193.37807382466883,435.55635360137404
DDR5-4800,20,5,193.92058260031524,0.1316914451724901,193.82746268640952,194.01370251422097,0.5619835390541638,444.56207406739185,0.29282372437799925,444.29781732253343,444.8768825240017,193.69830631110815,448.31186399779847
DDR5-4800,20,10,193.65671606817077,0.05064317718393245,193.62090593416318,193.69252620217836,0.5609945794350537,455.0475336203863,0.8473698126825766,454.25123907278265,455.938095195908,193.57745739626154,456.64960543382335
DDR5-4800,20,15,193.67126165898705,0.05732174708757078,193.63072906291197,193.71179425506213,0.5607040754225626,465.9511976636299,0.1340324785014487,465.81733705072907,466.0854013491288,193.12714388347413,461.29459852362027
DDR5-4800,20,20,192.08449709053036,0.012083570820167588,192.07595271566245,192.09304146539824,0.560550563661196,464.75349646488803,1.3605309654856024,463.4394613698378,466.1561870874114,192.45898257609113,462.97186388136095
DDR5-4800,20,25,191.25496375847922,0.011289124224608817,191.24698114218634,191.2629463747721,0.5626992301443001,459.3748513396354,0.5949762036606957,458.76384096197324,459.95237936154183,191.68459027745814,462.4064221212177
DDR5-4800,20,30,190.76696666311886,0.07498586957294927,190.71394364625067,190.8199896799871,0.5646418553901541,459.1939305547659,0.14682576839474373,459.02625959066216,459.2995063705803,191.01605865734348,460.98274636426663
DDR5-4800,20,35,190.23114185469268,0.03982987319591188,190.20297788126206,190.25930582812333,0.5655699903698345,458.6125157448718,0.45809988156847387,458.084243300898,458.9001396273746,190.37352328694448,458.38068230137753
DDR5-4800,20,40,190.24794786192786,0.058096490511682954,190.2068674395239,190.2890282843318,0.5670924547234278,453.5309401912146,1.50379028211152,451.88139166977595,454.8254244360067,190.01655979946327,455.12264482582697
DDR5-4800,20,45,190.063401472089,0.03126643289399913,190.04129276536614,190.08551017881186,0.5676401388779959,453.64378148857526,2.588708648247731,450.7107441026722,455.60968103336626,189.9575271538192,452.66272050620984
DDR5-4800,20,50,189.7990009858171,0.07570078256070625,189.7454724491273,189.8525295225069,0.5683519567079587,450.7732700664308,2.359414072506596,448.10640706563714,452.5891081036722,189.9262462722856,450.6503895018305
DDR5-4800,20,55,189.2341138857044,0.0821876569218583,189.17599843616514,189.2922293352437,0.5687266370070829,449.7099511923946,0.698079173301121,448.9894801399164,450.3832452261087,189.85101520212376,448.1204770108028
DDR5-4800,20,60,190.38696313303183,0.1671375546015692,190.2687790347821,190.5051472312815,0.5710181855887013,443.910912737787,2.541961573288213,441.46255267585616,446.53713356538793,189.75114398529269,445.6960433490576
DDR5-4800,20,65,189.73204865557966,0.0026029662870499996,189.7302080804669,189.73388923069245,0.5715144365793953,442.7047982098222,0.9527074237405018,441.7796876653779,443.68289135230094,189.60455816673414,444.39765494990957
DDR5-4800,20,70,189.320112745103,0.029155847975247305,189.29949644728845,189.34072904291753,0.5718970356189477,442.83326149207466,0.681268916548413,442.08586369690465,443.41950388752844,189.35202456046918,442.28457604325627
DDR5-4800,20,80,188.68158298486043,6.741487133668133e-05,188.68153531534776,188.68163065437312,0.5728289421010149,439.8254786425362,1.0635962463366304,438.9013797948562,440.98807639804846,188.43212291550304,444.3225925809496
DDR5-4800,20,90,188.35711248061887,0.0007057792007106393,188.35661341936003,188.35761154187773,0.5735112963823603,438.2502693559086,0.36000226541762204,437.96242856650844,438.6539249832475,187.94731328418436,441.7496374521445
DDR5-4800,20,100,187.7077556241823,0.08443589809540078,187.6480504280635,187.76746082030115,0.5742166551964443,437.632945253291,1.351502874522873,436.5264160415954,439.13923391318565,187.54503643909095,429.16500153956537
DDR5-4800,20,120,186.31271161139819,0.12972895744675506,186.22097938587132,186.40444383692503,0.57574909409112,428.61113304049996,0.603476075981392,428.2275373846622,429.3067405089565,186.98487517791082,416.4385670993245
DDR5-4800,20,140,185.15897199518565,0.059756410446030014,185.1167178321399,185.2012261582314,0.5769669498796267,425.00313634125195,0.041717461579363756,424.9763888960836,425.05120555681935,187.58666397391863,410.130357279498
DDR5-4800,20,160,189.8631387599912,0.0467175381410894,189.83010447197128,189.8961730480111,0.5866157212301237,369.9985097722247,2.2453656053568514,368.39745613928596,372.5651444987776,188.72835375450882,402.9044010892607
DDR5-4800,20,180,188.18840726121817,0.01669545841090893,188.1766017893608,188.20021273307555,0.5895592394765448,351.23961154485005,1.6072636728604488,349.65912538185785,352.87237710707853,189.93731547422774,391.059028890115
DDR5-4800,20,200,187.44026756169944,0.3776084934178678,187.17325803537005,187.70727708802886,0.5826212580884294,396.01065186417674,2.314745350374906,393.39400337019237,397.7911085409799,190.07749949771986,371.5438928470434
DDR5-4800,20,220,192.39143276965825,0.016552475597204287,192.37972840191804,192.40313713739846,0.5910266929415423,392.8869061576438,0.7202534670357208,392.24927844908365,393.6681464771421,188.6556897278127,346.15117001536726
DDR5-4800,20,260,185.8137260521922,0.035486131847021755,185.7886335677251,185.83881853665932,0.6012825442598946,323.7407461105123,0.4386478980903206,323.3225828744365,324.1973486559382,184.39151813956244,315.4777474579994
DDR5-4800,20,300,177.30155161405798,0.09860549305093531,177.23182700125943,177.37127622685657,0.6089827359411697,270.9513514844002,1.553717916343274,269.65160190270063,272.6722200344381,174.65135877863963,282.4297666341279
DDR5-4800,20,340,163.55319279558336,0.060802134209993565,163.51019919417286,163.59618639699386,0.6152203655295667,221.6365611107018,0.8717820093637125,220.77108934768395,222.51451923156353,161.9344888471718,241.6626760996274
DDR5-4800,20,380,149.13677053063554,0.030322366639601875,149.11532937956304,149.15821168170802,0.6172759669114417,192.96374472277316,0.46684295555098015,192.59560388354015,193.4888379964833,146.09030373738554,198.19006692867504
DDR5-4800,20,450,128.15033062212237,0.01652712396717112,128.13864418069167,128.16201706355307,0.6153427521511686,167.2783569249231,0.12142185430830116,167.13849913293313,167.35683656465386,128.3588250552448,167.59959807733765
DDR5-4800,20,550,104.02571791976607,0.015123013609351784,104.01502433429093,104.03641150524122,0.6055335614482615,148.14918470325418,0.0828183965634737,148.05593123354012,148.21416163154515,111.57143984025416,151.30700202875545
DDR5-4800,20,600,95.76424555293576,0.027172473554172395,95.745031712624,95.78345939324754,0.6046853122424228,142.97106429319567,0.35427031352303556,142.5672732009632,143.22972268295987,97.3078497867719,141.04955205882462
DDR5-4800,20,700,82.97472225041301,0.008346844348377184,82.96882014017275,82.98062436065325,0.6045424433303968,136.48193085114994,0.16003442615853136,136.30267560814548,136.61043887835285,84.46799179979263,135.282445275108
DDR5-4800,20,800,73.19406534429265,0.019542366665653448,73.18024680430293,73.20788388428237,0.6046090701141478,132.78556676661037,0.061952186883559926,132.72048017051506,132.8438175483194,73.04371274116629,131.1617771086508
DDR5-4800,20,900,65.42028737355368,0.0050513971629150434,65.41671549636531,65.42385925074204,0.6042505412481025,130.30086202163378,0.09767575167396815,130.1880791604264,130.35800984399165,63.02068595528948,128.8022430854856
DDR5-4800,20,1000,59.18723264310048,0.0005990536803955504,59.18680904818078,59.18765623802018,0.604262946678396,128.29036814872075,0.16049016185604642,128.1257559701622,128.44639136664213,53.558526759277626,126.81255591754228
DDR5-4800,20,1500,40.02969750806383,0.018385015839196613,40.01669733869171,40.042697677435946,0.6039065183048111,123.50910379985675,0.12405701037695276,123.40478493414547,123.64628277467894,42.05904323099814,123.94379190358086
DDR5-4800,20,2000,30.26917594886521,0.013971967682826788,30.259296275770165,30.279055621960257,0.6032369245615681,121.15823321474583,0.10918395732014119,121.07584024215386,121.28207160982107,31.046509792712868,121.51134203031134
DDR5-4800,20,3000,20.295609791166765,0.00011087348278836601,20.29553139177523,20.295688190558298,0.6024437710878802,118.8473804943718,0.18821566827014213,118.63083163444985,118.97162618703344,20.629675561565733,118.92317468463472
DDR5-4800,20,5000,12.355996910675321,0.024197037680695057,12.338887021246675,12.373106800103967,0.601950947522264,117.02810244139744,0.08675332848530216,116.93893478740469,117.11222090022909,11.160851602203813,116.47879724247754
DDR5-4800,20,40000,1.6630292133358473,0.0068657008718333735,1.6581744296917755,1.667883996979919,0.5990814559295516,113.84797652295985,0.007788145773172295,113.8396005916672,113.85499963336788,3.8073941873246326,114.27290033562247
DDR5-4800,20,100000,0.7355116860275683,0.009617268658028168,0.7287112501429838,0.7423121219121529,0.5957083253806288,112.86519601808475,0.13414351656432738,112.71086046844984,112.95376057426422,-0.7087149005278661,112.35216822786577
DDR5-4800,20,500000,0.2431870222852049,0.012751039329844487,0.2341706759078955,0.2522033686625143,0.5859369253777762,110.54701185903512,0.26543244631518453,110.27760985700334,110.80828815200334,-1.6654938788098121,110.76328518300403
DDR5-4800,20,1000000,0.16879964249421744,0.0030537566332363266,0.16664031047076264,0.17095897451767225,0.5663302126467387,109.52391517635506,0.5492156357827778,108.93342937788964,110.01948956573914,1.6590390350227011,109.55293546483378
DDR5-4800,40,0,196.7677918070202,0.002364291747899156,196.76612000029255,196.76946361374783,0.6341592872275099,398.2387913827603,0.05516545377884414,398.1840399142509,398.2943617053729,196.69257281851674,396.1652737086618
DDR5-4800,40,5,196.77552167054785,0.023193040905566974,196.75912171404718,196.7919216270485,0.6335878684485658,402.5114808525797,0.2559718419031402,402.3555726130335,402.8069000258177,197.07742222086947,406.62909666576246
DDR5-4800,40,10,197.23373636496638,0.011021159693120067,197.22594322821084,197.24152950172194,0.6334084070489057,411.98513980814323,0.5039670172494122,411.5026651858679,412.50815084697825,197.13264198951026,412.87649343048827
DDR5-4800,40,15,197.3842771550838,0.12236249733543332,197.297753803455,197.4708005067126,0.6344293853047764,419.95173425950725,2.3289452903045453,417.3060647415769,421.692074427602,196.93833289915852,415.7114288086834
DDR5-4800,40,20,196.44625762356344,0.04079310659070315,196.41741254126748,196.47510270585937,0.6347484797975325,416.5789000584443,1.4076836119144165,414.9701509147759,417.5845649574482,196.57459572453374,415.93786760619224
DDR5-4800,40,25,195.9387346571629,0.043865867557640464,195.90771680475027,195.96975250957553,0.6356977384749722,413.8131125426767,1.237697355801867,412.39915190364053,414.7001795857509,196.12153124035575,414.3597746288599
DDR5-4800,40,30,195.62054674299685,0.22289762134704794,195.462934323432,195.77815916256168,0.637371753115261,409.8113281829046,1.2365639922115823,408.3845910590602,410.5737517284398,195.77821031533747,412.7067725757132
DDR5-4800,40,35,194.88135883058854,0.021482577911430243,194.86616835407,194.89654930710708,0.6379241183686695,408.09368987638237,1.299015155216695,407.1372081605636,409.57257923349664,195.31596619573554,410.2797268018773
DDR5-4800,40,40,195.460067170841,0.021610024724416466,195.44478657581678,195.47534776586525,0.6389971300403301,408.0816551705396,1.3614304409966929,407.1608379152124,409.6454968647692,195.09074183216654,407.94908701074496
DDR5-4800,40,45,195.18537425897864,0.06018019645174813,195.1428204339745,195.22792808398282,0.6393711065866059,406.868783165942,0.145752496148988,406.7241805306371,407.0156589331789,195.1226367337785,406.90969246178315
DDR5-4800,40,50,195.13571794627973,0.10875764581634535,195.0588146774171,195.21262121514235,0.6399143171610423,406.9917223226884,1.340931974198328,405.7168762664214,408.3901803099682,195.26756375541834,405.95892072300535
DDR5-4800,40,55,194.78532415312236,0.018126528954099146,194.77250676157954,194.79814154466516,0.6400329666652907,406.2287139584209,1.1215587257710822,405.0514483384448,407.2847098182642,195.40507728309086,404.9860122189414
DDR5-4800,40,60,195.85959304545355,0.00713599942504346,195.85454713186957,195.86463895903756,0.6420169590654665,402.26842756153064,0.9003292047677924,401.5255840321505,403.26971462539296,195.5181225101852,403.41799895754764
DDR5-4800,40,65,195.73841226055558,0.14628221651112283,195.63497511329356,195.8418494078176,0.6424570514684014,401.6269745637721,2.133704726820904,399.16321049778264,402.8686459589766,195.34794315511627,401.8832241476311
DDR5-4800,40,70,195.53026179098606,0.03519043235988898,195.50537839763152,195.55514518434063,0.6426484829812176,399.30841234183436,2.194894856777986,397.1321551083779,401.5214817448628,195.19275392751928,399.7248947753852
DDR5-4800,40,80,194.71450069010382,0.1287143081754149,194.62348592995724,194.80551545025037,0.6427951629495057,397.020739223966,1.8861415738692517,395.79319342331775,399.1925167831924,194.90420808127837,401.76000915164605
DDR5-4800,40,90,194.22390598873017,0.035538647672336665,194.19877636996685,194.24903560749345,0.6428236801442686,394.37225532949105,0.1258970612560408,394.22709498631104,394.4516491718094,194.81862253373808,399.8707093321383
DDR5-4800,40,100,193.36658397474895,0.1258679660209932,193.27758188244132,193.45558606705654,0.6429916715791557,392.5557492225396,1.4872770267556286,390.83946448421244,393.46650315938626,193.69445465113697,388.4088465107691
DDR5-4800,40,120,193.35876269949972,0.20736395660402074,193.21213423961134,193.5053911593881,0.6443312069256648,384.92946167673693,0.07685898120940814,384.8792245265703,385.0179401330535,192.85999769600278,374.24776492574523
DDR5-4800,40,140,192.4102443283714,0.09936327416816434,192.33998388340618,192.48050477333658,0.6449782201025137,381.60040998380714,1.9599834960738554,379.9150587016572,383.7512249892843,192.74007479150367,359.64848119610406
DDR5-4800,40,160,191.35450142579145,0.043235177632811664,191.3239295385015,191.38507331308142,0.6556408250759009,320.08480913530826,0.20201011390744353,319.858035932485,320.2455087579916,192.14356148597668,339.5768590786915
DDR5-4800,40,180,185.8913455098965,0.50701626925136,185.53283086773698,186.24986015205604,0.6580906518481073,286.9551418190992,6.903477418245818,282.43002187125086,294.9010518224883,190.10667388090852,314.4385518804658
DDR5-4800,40,200,188.6085710093647,0.09259062714049941,188.54309954903937,188.67404246969008,0.6562081790069179,301.80965143808197,1.2448199089140461,300.54080790867556,303.02896950046653,185.6851140672859,285.39024293630183
DDR5-4800,40,220,184.42995678771496,0.08069463015154715,184.37289706752944,184.48701650790045,0.6580282426221769,277.20877814188407,0.25982791563472013,276.9087761478629,277.36188533119065,179.0094976038202,256.05302968501235
DDR5-4800,40,260,170.59918503822786,0.017233304930334876,170.58699925144938,170.61137082500636,0.6602938469040475,225.15708320209032,1.4325106535928627,224.25882932900333,226.80909906005184,169.83766048663693,228.55097461641202
DDR5-4800,40,300,156.41044193569644,0.054003197074350036,156.37225590883943,156.44862796255347,0.6611649254032042,197.37214620574582,1.8007203150954934,195.35470807868896,198.81681389677593,157.0157372525898,206.71708097314286
DDR5-4800,40,340,141.04224819705632,0.07573359826735683,140.9886964561578,141.0957999379548,0.661410210834585,174.9332048799738,0.6298637399416993,174.22502339826423,175.430779322398,142.3522570534356,183.2661565234408
DDR5-4800,40,380,127.93235873838097,0.021222132676238393,127.91735242445435,127.94736505230757,0.6612590350968243,161.71261404606912,0.5950759487045351,161.31905555306355,162.39719362996826,125.88468842521596,160.0815943496645
DDR5-4800,40,450,109.97476326765859,0.00609183533502805,109.97045568958332,109.97907084573386,0.66107628528922,147.82692543958805,0.18197679461122623,147.6286463946856,147.98631128177257,110.1870132169825,146.37858717389022
DDR5-4800,40,550,91.46968641635276,0.010919414582001035,91.46196522425524,91.47740760845028,0.6606950716492801,137.9344204310184,0.07978584134153485,137.84605303631105,138.00116921518895,96.23289573752612,139.5767182432768
DDR5-4800,40,600,84.3558932827051,0.008447239736558173,84.34992018220507,84.36186638320513,0.6605151586965954,135.07266246369122,0.12217320737507549,134.9444005304348,135.1876653278495,84.76615957985882,134.2379120196312
DDR5-4800,40,700,73.1170984609522,0.00562650694146005,73.1131199197395,73.1210770021649,0.6604087710890054,130.96519444516946,0.20381838508970745,130.7299916974214,131.089985025495,74.23928047499204,130.6213261647428
DDR5-4800,40,800,64.35124443465978,0.00919773332449046,64.34474065505448,64.35774821426506,0.6600842371024465,128.44305082447437,0.07546253621397803,128.35598376975085,128.4895993739214,64.51192370191036,127.83916346043667
DDR5-4800,40,900,57.61266706078297,0.02402589431451795,57.5956781879891,57.629655933576835,0.6602381208507011,126.96295530789799,0.05424616407161286,126.92417811402508,127.02494546869062,55.71523445806862,126.05006348622295
DDR5-4800,40,1000,52.084125334137255,0.024678590133065052,52.06667493570404,52.101575732570474,0.6601871129657317,125.50004530858918,0.15232513302153777,125.40375735242476,125.6756624927709,47.150425572036966,124.36602484495265
DDR5-4800,40,1500,35.2255303003851,0.002003460105203969,35.224113640158876,35.22694696061133,0.6600386045334838,121.77293762588072,0.12373972709778662,121.67777442304015,121.91282033065886,37.01420720913584,122.12900084118253
DDR5-4800,40,2000,26.62065450467032,0.00040215951443839306,26.620370134950544,26.6209388743901,0.6596715471501486,119.79870903958249,0.1755369315508979,119.62353553727425,119.97460715696488,27.326141835834427,120.17029641904912
DDR5-4800,40,3000,17.93584599607837,0.01050169297852707,17.928420177759314,17.943271814397423,0.6595579711337335,118.00033815426757,0.025319629434936503,117.98040553410368,118.02882746693477,18.170720239899683,118.0629103296896
DDR5-4800,40,5000,10.845295770283645,0.007931523966474396,10.839687335901807,10.850904204665483,0.6586075684167372,116.3989120133233,0.10293607708990356,116.28531865735786,116.48601129972576,9.832540399579472,115.99748905232755
DDR5-4800,40,40000,1.4904371134399885,0.004725484395595742,1.4870956913794715,1.4937785355005053,0.6484073729265353,113.64067444969174,0.11169978206968646,113.5208426003729,113.7419072865184,3.3552294074240336,114.06817469602086
DDR5-4800,40,100000,0.6480456224433475,0.0009731885060605807,0.6473574742513393,0.6487337706353558,0.6380644210472557,112.886001061,0.16094039672868612,112.70673794611372,113.01806330344984,-0.6238416181219009,112.322446195859
DDR5-4800,40,500000,0.20343661211516684,0.0011986072472864458,0.20258906880263125,0.20428415542770242,0.5940793872394394,110.68848160478929,0.3199989937561226,110.45151377875418,111.05249360799833,-1.467301558613599,110.80778248693164
DDR5-4800,40,1000000,0.15301502449918447,0.002876504967007177,0.1509810283308969,0.15504902066747203,0.5712445760123321,109.47444746518617,0.615067576696903,109.02217069447492,110.17481408241972,1.4622207043937294,109.57166250432847
DDR5-4800,60,0,199.9974399276855,0.042534310883304234,199.96736362802682,200.0275162273442,0.7244777431625222,320.7827657116427,0.54192068400927,320.29279393914885,321.3648328557141,199.8228686249109,317.93905788682656
DDR5-4800,60,5,200.502997161807,0.07576038474002433,200.44942648001205,200.55656784360198,0.723772021352857,329.4584462894777,0.39994946248489716,329.00146896675585,329.74471355786955,200.77298231333,334.9645021869864
DDR5-4800,60,10,201.4309334601565,0.20652850765364195,201.28489575188627,201.57697116842672,0.723085470574635,348.39080083154016,0.4113381746110114,347.91586872565387,348.63362552154183,201.53441147105002,347.61317352540203
DDR5-4800,60,15,202.2968666779281,0.0036922668582919775,202.29425585099466,202.29947750486156,0.7246723351585327,357.57951988259146,0.45885374651870453,357.0513572494364,357.88006947851335,202.1260021003934,356.48686022662
DDR5-4800,60,20,202.5796393512855,0.057020169504730676,202.5393200027643,202.61995869980672,0.7246247058785275,364.1497189136037,0.8018227128659561,363.64309169743814,365.07416314291305,202.56660020368258,362.18735061518703
DDR5-4800,60,25,202.972112863091,0.0442475421172221,202.9408251260091,203.00340060017294,0.7271040264492683,365.71594651831043,0.9581194242320193,364.6665053716388,366.54397846770235,202.8750517832404,365.3164330156503
DDR5-4800,60,30,203.20705958124995,0.020008675014316947,203.19291131146477,203.22120785103513,0.7298306531804439,365.8089305670073,0.6445115193391595,365.14086150042806,366.4269684282191,203.08478532519575,367.12969061360855
DDR5-4800,60,35,202.936783461737,0.0432315625334418,202.90621413070832,202.9673527927657,0.7308881813253667,365.1664262077431,0.8340341020416405,364.20338110263543,365.65252888197665,203.17180824001295,366.7519063590706
DDR5-4800,60,40,203.0839817139156,0.029836574670876175,203.06288406963844,203.10507935819277,0.7332123644308048,364.69929281872464,0.1191143495092814,364.6104719440334,364.8346503144247,203.16993939538582,365.75863658510485
DDR5-4800,60,45,203.29563018043976,0.01905058907215971,203.28215937972124,203.30910098115828,0.7337517500327749,364.78926971269226,0.6392250929623293,364.11822320313377,365.3910281191321,203.20662031806722,364.7456330717897
DDR5-4800,60,50,203.09059655882658,0.05055563444562917,203.05484832688288,203.12634479077025,0.7347478536375223,363.61056422312373,0.2254043674531598,363.46636867735947,363.8703129014214,203.19162162125028,362.8754416005662
DDR5-4800,60,55,203.2735632533574,0.035112139790064965,203.24873522120987,203.29839128550492,0.73526862164217,363.1887118613434,0.3001830499010458,362.85121874511543,363.42589569601006,203.12344925854785,360.9882464995695
DDR5-4800,60,60,203.0472326885452,0.05206426325028598,203.0104176949434,203.08404768214695,0.7362021033814032,358.2525695156901,0.4353302158503318,357.7681118374515,358.61093605467056,203.08171443183295,359.23434198858934
DDR5-4800,60,65,203.20543857230805,0.02440068423061316,203.188184683023,203.2226924615931,0.7365829667153654,358.18245590243305,0.6913676817622282,357.3879268147124,358.6470399676789,203.03219050522893,358.13788333133505
DDR5-4800,60,70,202.85470205565704,0.05859294679678922,202.81327058564733,202.89613352566676,0.7388763516316843,352.48062998472295,0.17210699039576915,352.28317947373245,352.5988690282993,203.02917152887048,357.1289936979372
DDR5-4800,60,80,202.7372505996393,0.1691200162968226,202.61766468928144,202.85683650999715,0.7383035040659877,356.8829862684226,0.8113769656903645,356.1262454172442,357.7397289795502,204.11069801893123,364.7163108962603
DDR5-4800,60,90,203.12369571776094,0.014259283760732355,203.11361288151886,203.13377855400302,0.7389202223954612,357.4063812242642,0.5650768906956496,356.93926688338126,358.03448248198157,204.6200215996613,364.18724207003993
DDR5-4800,60,100,203.31115617682462,0.026143976550045835,203.29266959371893,203.32964275993035,0.7395601593848293,357.9154292324387,0.30245203102367635,357.6422422015803,358.2404474429013,203.12391662973033,352.6152018468033
DDR5-4800,60,120,203.24582156240083,0.002687093208067036,203.24392150057173,203.24772162422994,0.7412259940089183,353.4315528855518,0.4061368062638989,352.96905653790463,353.73003164551005,200.89215790310755,334.0690021845761
DDR5-4800,60,140,202.99018275194874,0.09620306934105638,202.92215690924672,203.05820859465078,0.74220128086359,351.60972411338633,1.0822105730681233,350.495269095607,352.65651493224755,198.40041045037498,310.91708308407067
DDR5-4800,60,160,190.38785913543006,0.3757758436431683,190.1221454881839,190.65357278267626,0.7467073880714212,249.94051157361426,0.33161606417957384,249.71975100247155,250.32184903604852,193.86171774516552,281.8239226057307
DDR5-4800,60,180,181.13046775159404,0.02419560038374244,181.11335887848782,181.14757662470026,0.7469152354451453,220.934684014597,0.2400178285163312,220.65903791051338,221.0974665735117,187.07750096276573,250.35833825066823
DDR5-4800,60,200,181.57668030310458,0.17304117763771906,181.45432171297244,181.69903889323672,0.7468603335985258,222.23408545092752,0.657118121544112,221.78404065454183,222.98816265402843,177.87371403610763,219.3420514139321
DDR5-4800,60,220,172.84495537744158,0.09865637136425248,172.77519478824266,172.9147159666405,0.7469478677659404,204.13045201723136,0.8927790228894175,203.47976202193314,205.14826093540302,167.18032330176356,192.83857063071935
DDR5-4800,60,260,154.12051489165566,0.0690560791317022,154.07168486981948,154.16934491349184,0.7471639355002402,177.71518973527984,1.6704397901400194,175.9090724964465,179.20461383984616,155.36752816428123,173.8484830826338
DDR5-4800,60,300,140.67376676889884,0.037780111361810954,140.64705219596092,140.70048134183676,0.7471256012122875,162.64520744775862,0.9317941516606489,162.05854373244145,163.71963443721404,142.26174356649437,166.53199524495574
DDR5-4800,60,340,126.37610070225017,0.029016039627416633,126.35558326386645,126.3966181406339,0.7471623783561363,151.58529867226923,0.5879898826001656,151.23169698278429,152.26405219001504,127.67439717871133,154.53419363128268
DDR5-4800,60,380,114.61455647576877,0.05241448608107224,114.57749383722843,114.6516191143091,0.7471446137317298,143.95059905239242,0.03275106010903065,143.91297224857692,143.9726987385602,112.10890525484876,142.70571297273227
DDR5-4800,60,450,98.47517277974202,8.419605620240477e-05,98.47511324413973,98.47523231534431,0.7471646341880576,136.2849364147263,0.21399945936390344,136.04568043302342,136.45807328355687,98.17931139576952,135.78250645240144
DDR5-4800,60,550,82.03534907536917,0.002356639078488064,82.03368267989596,82.03701547084238,0.7470309167985103,130.87158228640524,0.11330093838875395,130.7409894512157,130.94367842367393,86.14355977054966,131.88775777554744
DDR5-4800,60,600,75.63639551050278,0.00802145971321153,75.63072348194456,75.64206753906102,0.7471061649327942,129.3129443041806,0.02573113879576531,129.28323340296654,129.32799537051505,75.9204260954107,128.87061733379358
DDR5-4800,60,700,65.4842337194583,0.008080333279764226,65.47852006100193,65.48994737791466,0.7469992994063753,126.84286436126256,0.12027167058819063,126.71289835499333,126.95023725301338,66.53437012073282,126.62062999830474
DDR5-4800,60,800,57.71992795584862,0.007340841559340451,57.71473719700239,57.725118714694844,0.7470116289628684,125.33837106208807,0.07159155251649728,125.27488807736454,125.41596867050501,57.82915773330042,124.87430853854693
DDR5-4800,60,900,51.60882519763627,0.0027033258541669224,51.60691365759303,51.61073673767951,0.7469661630973643,123.94352791159754,0.19351456940817946,123.72024288043144,124.06263599588628,49.949867216778486,123.5534300819999
DDR5-4800,60,1000,46.67158995969238,0.008908307239554181,46.6652908352344,46.677889084150365,0.7468989253579514,123.02463749407134,0.06720537969801321,122.96255501514547,123.09600102784113,42.27026005341687,122.23139379056943
DDR5-4800,60,1500,31.60793658143996,0.009100158670858305,31.601501797533924,31.614371365346,0.7466383946177145,120.19395791589857,0.025921182460563384,120.17199719128763,120.22255084846154,33.19286534586449,120.50171436618898
DDR5-4800,60,2000,23.92087744492641,0.00275273078756091,23.918930970319746,23.922823919533077,0.7464233250403596,118.65470182801505,0.114076128563402,118.58347151637291,118.786275543306,24.519324887597683,118.98868155536539
DDR5-4800,60,3000,16.088273743279306,0.0002899673970312771,16.088068705366542,16.08847878119207,0.7461411392015818,117.23626954691304,0.12771323724368425,117.08931494314047,117.3204206152291,16.308385526573414,117.3137078415392
DDR5-4800,60,5000,9.76294604430933,0.00027660102742946795,9.762750457847153,9.76314163077151,0.745284470419729,115.88542556061594,0.08583450833529496,115.79118241122242,115.95912220662876,8.83655774442375,115.65255289299992
DDR5-4800,60,40000,1.3268150342550018,0.0003985503273977761,1.3265332166158548,1.327096851894149,0.7302153170319197,113.60794161603566,0.058905703712115794,113.57065965717726,113.6758514861321,3.0322082236243304,113.98607190463733
DDR5-4800,60,100000,0.6074963248817671,0.0013302614048617165,0.6065556880216386,0.6084369617418955,0.7042334745520881,112.97598970435172,0.10638102392328713,112.90125139961037,113.09778374407358,-0.5334936690472603,112.31423742439094
DDR5-4800,60,500000,0.20319283891372075,0.0009123616049184752,0.20254770183598864,0.20383797599145284,0.6296272981268554,110.38356450554626,0.2037398621034042,110.21036411571572,110.60804562782941,-1.2893785668134115,110.63702200020052
DDR5-4800,60,1000000,0.17134886861930973,0.0039669982809513015,0.1685437772338937,0.17415396000472577,0.6043813646383682,108.91497678481271,0.30163692258114616,108.61554383738462,109.21877040011537,1.3357228971034658,108.95439818000578
DDR5-4800,80,0,208.44540485425335,0.004723762813951995,208.44206464953487,208.4487450589718,0.8467173826360335,289.8561547691427,0.4739551565857239,289.3098093353294,290.15695882093814,208.4524148473784,289.69675803358956
DDR5-4800,80,5,208.77867075205864,0.08502993317605315,208.71854550970602,208.83879599441127,0.8454096696388502,296.8251856049264,0.7000499733868067,296.24597844693983,297.6031120958762,208.82821090629406,298.0348506242185
DDR5-4800,80,10,209.1434888293839,0.09814201255095731,209.07409194678982,209.21288571197798,0.8442673158199125,304.0633874133791,0.7707242128770134,303.553112269403,304.9499759101388,209.03888501118618,302.8852277110164
DDR5-4800,80,15,209.14310207439115,0.043213558721999876,209.11254547397962,209.17365867480268,0.8466031819581958,305.64225011127763,0.4303262711038219,305.2896559495853,306.12176117177756,209.11942299511188,304.9385746146152
DDR5-4800,80,20,208.99062700150287,0.15136782586555705,208.88359378537987,209.09766021762587,0.8478146951400096,305.46125663135837,0.3423004702888032,305.24656356639633,305.85600493462874,209.10481069112834,304.8855766556472
DDR5-4800,80,25,209.10222300754629,0.05133346637444996,209.06592476537108,209.13852124972146,0.8493150950942507,301.8089017794013,0.428013301272093,301.32126984333445,302.122407827515,209.03003393229312,303.41691915474496
DDR5-4800,80,30,208.96284144606392,0.04325072699757427,208.93225856371268,208.99342432841513,0.8508028430777752,300.22651425989744,0.8730473230884612,299.2349386335602,300.87976623182107,208.9734754592749,301.7698978965645
DDR5-4800,80,35,208.5866523816033,0.02935985061619632,208.56589183213796,208.60741293106864,0.8512727500630335,299.42770137808026,0.3660111874173864,299.03910311861034,299.7659023280518,208.87838365446186,299.98590219513176
DDR5-4800,80,40,209.02142415345585,0.05015745580805088,208.98595747632692,209.0568908305848,0.8519476631039649,298.16188255365387,0.29957210717041616,297.8816289153194,298.4776136752876,208.83589875365607,298.7949024601913
DDR5-4800,80,45,208.8416176219332,0.08898328233062308,208.778696939585,208.90453830428143,0.8521263556973214,297.941427980932,0.46617162005892665,297.6513989563813,298.4791616715485,208.88638207131788,298.0476317066732
DDR5-4800,80,50,208.92949693430685,0.07446023641576806,208.8768455962085,208.9821482724052,0.8523548044060447,298.29786604849056,0.8865597426961197,297.30180567117395,299.00055686092475,208.8731897126019,297.45472314635504
DDR5-4800,80,55,208.7422602913623,0.10261670929242839,208.66969932035857,208.81482126236602,0.8527050458949719,297.44364655377757,0.4118902854740335,296.98872358569565,297.79126388287625,208.90936371690066,296.70203965576377
DDR5-4800,80,60,209.01324735005815,0.008957461288919248,209.00691346843854,209.01958123167776,0.8534156265764463,295.8167774376778,0.6009024319575822,295.260196032112,296.45388088684285,208.96399398085464,295.930621841817
DDR5-4800,80,65,209.13590756999736,0.07078468264361844,209.08585524089594,209.1859598990988,0.8536168315951573,294.6132480156784,0.23580146767942706,294.38258278869733,294.8538702813997,208.88783621923918,295.44569749104676
DDR5-4800,80,70,208.60130321490948,0.037691074022028925,208.5746516008783,208.62795482894066,0.8542289407280022,292.72760894830213,0.7485973784223228,291.8726687781756,293.2655598647742,208.89093406156078,294.21356162190784
DDR5-4800,80,80,208.88207862372485,0.0954456850347967,208.81458833260174,208.94956891484793,0.8542843742359473,292.960446305218,0.3947756178904482,292.51663436352175,293.2724689159649,209.75986376162376,297.49795879489545
DDR5-4800,80,90,208.70944946412914,0.05750501365191836,208.66878727902366,208.75011164923464,0.854696239970284,291.71357415131996,0.515416463161049,291.1753749841572,292.2026973082893,210.12848134528105,295.3652130134289
DDR5-4800,80,100,208.2866088513436,0.007312427303601146,208.2814381844103,208.2917795182769,0.8553363229481823,289.33771304865496,0.1516083649875888,289.1975846021555,289.4986514167174,208.92354546092182,286.26150465326754
DDR5-4800,80,120,208.37255773724786,0.0807863577215614,208.31543315587558,208.42968231862014,0.8562178071378381,282.2825994321115,0.8042291699358854,281.4232144483947,283.01705026281775,206.55054924003153,272.0173033333318
DDR5-4800,80,140,207.6214637250725,0.09401863695553947,207.5549825093233,207.68794494082167,0.8569191814421862,279.1287902143261,0.623324606021613,278.4097760517174,279.5165380454097,203.37863711127758,253.9526197486026
DDR5-4800,80,160,195.84909311781195,0.04330236662442716,195.8184737207304,195.87971251489353,0.8653298897037385,214.42590076110534,0.5742027356625172,213.8521335047809,215.0005379875418,197.78299721351544,232.30473392385056
DDR5-4800,80,180,186.38201915254433,0.22413956106334595,186.22352854898426,186.5405097561044,0.8676041559732764,193.5678886292748,1.9791695203175617,192.18686086664883,195.835324743704,189.7194611325973,209.14806688061736
DDR5-4800,80,200,180.94283573770912,0.021513606207502086,180.92762332087202,180.95804815454622,0.8682295134659197,185.93576486660254,0.10745081576267052,185.85655320967055,186.05807385620903,179.05614143419206,186.65801917003824
DDR5-4800,80,220,170.9559563728924,0.016811806931065015,170.94406863020745,170.96784411557735,0.8693405557346239,172.54662320538907,0.7383301379549877,171.6989054104632,173.04898240690972,166.72331940634945,167.54108152717106
DDR5-4800,80,260,151.9229139722375,0.06770515222831097,151.8750391999756,151.9707887444994,0.8705080422948028,155.79804469936957,1.5480673370436089,154.612701471403,157.5494801175669,153.35347461924897,153.59338585108264
DDR5-4800,80,300,137.5924306866323,0.0003075634639929314,137.59221320642126,137.59264816684333,0.8705342940182501,145.63060477018732,0.6880204848231573,145.14693048749166,146.41825926077425,138.90040304512445,147.77850183523597
DDR5-4800,80,340,122.86352276850621,0.009062718972310304,122.8571144584649,122.86993107854752,0.8698524644753365,138.5438713226622,0.13935870565328184,138.39860986350334,138.6764618738194,123.59898796485903,140.09349782461427
DDR5-4800,80,380,110.38067496545571,0.057503048648970434,110.34001416981712,110.4213357610943,0.8687195242704404,134.2155007340524,0.05978914639279102,134.1543059625368,134.27377738968394,108.12192624987065,133.43185063225408
DDR5-4800,80,450,94.15828819650577,0.0002171040764484243,94.15813468074109,94.15844171227045,0.8677981627435585,130.01268191369732,0.03676263558972269,129.97393350620234,130.04706984659364,94.09575707496899,129.3572709940037
DDR5-4800,80,550,77.95706279774043,0.033758341180658395,77.93319204576999,77.9809335497109,0.8670647290833418,126.7840395411427,0.13752459239643394,126.70184701511204,126.94280612757191,82.0844778312522,127.04607084875954
DDR5-4800,80,600,71.79654199270283,0.003614038246000878,71.7939864817516,71.79909750365404,0.8669879875021976,125.58390609360758,0.11886282793094635,125.45061530987124,125.67889839169064,72.05586878237466,125.30538901433322
DDR5-4800,80,700,62.147390763368904,0.022002645474922693,62.13183254354954,62.162948983188265,0.8665924812138661,124.00247745696377,0.0428134543029786,123.95639912159031,124.04102733470069,62.986204428488264,123.85878586757791
DDR5-4800,80,800,54.72124950944635,0.03472436488735193,54.696695675562104,54.74580334333059,0.8665292036042187,122.62046608567334,0.22760411742008219,122.35948028020401,122.77776274326087,54.70926567129978,122.571517317304
DDR5-4800,80,900,48.85715251862203,0.006248799247089316,48.852733950300134,48.86157108694392,0.8662798819981092,121.76614551101729,0.07461065047818813,121.68402193355519,121.82975807985453,47.265890265998365,121.47069394038931
DDR5-4800,80,1000,44.19808879585719,0.004927647491777042,44.19460442290046,44.20157316881392,0.8662090073680602,121.03447228216667,0.16847748513922267,120.83993930297659,121.13327272235117,40.025148822214675,120.38205814096557
DDR5-4800,80,1500,29.891059422658245,0.0023916812055203747,29.889368248659387,29.892750596657105,0.865768605406597,118.76128195776532,0.10901155420815503,118.64633588006521,118.86318548577425,31.429796607557833,119.07268778618274
DDR5-4800,80,2000,22.63196662829828,0.004616123630167491,22.628702535976593,22.63523072061997,0.8654517761654797,117.64494026017057,0.03671231191938752,117.60313816403513,117.67194314529598,23.221949875489486,117.9131569296833
DDR5-4800,80,3000,15.29591016153946,0.005508336946821346,15.292015179131301,15.299805143947617,0.8649720161278709,116.45632524531493,0.1086496469737346,116.38615820535786,116.58147643799164,15.462124848991117,116.57914463367419
DDR5-4800,80,5000,9.320274761356572,0.0004507867135845383,9.319956007014527,9.320593515698615,0.8636800114370669,115.40970684221571,0.16189188481438382,115.25367122010536,115.57687983171404,8.404073109399256,115.22745217105278
DDR5-4800,80,40000,1.282364039916705,0.00028982064741515576,1.2821591057715898,1.28256897406182,0.8352301032298408,113.7690679922564,0.02116819881993875,113.7470556165953,113.78927657812206,2.9175487175388213,113.84198509329636
DDR5-4800,80,100000,0.5896353872805766,0.005138111591319772,0.5860021937318611,0.593268580829292,0.791940777989899,112.95119633923078,0.10046479280099825,112.8462438402157,113.04647333996321,-0.463152599750849,112.42303159676983
DDR5-4800,80,500000,0.19810247274725337,0.0004799142840093878,0.19776312210264205,0.1984418233918647,0.6706224988406038,110.50521923554906,0.2502616422877808,110.21837339744316,110.67898170752508,-1.2037351156304368,110.97087987783834
DDR5-4800,80,1000000,0.14530879024533688,0.001067157573517943,0.14455419588850776,0.146063384602166,0.619549328932441,109.57831458653345,0.498159999193347,109.00640615594651,109.91769112921908,1.2300968967393757,109.48581813286698
DDR5-4800,100,0,236.73648929485853,0.19376599373423,236.59947604672573,236.87350254299136,0.9997451178026062,265.4477322834944,1.1954790028906148,264.4890507548963,266.78722846479434,237.18268846063683,267.91594293762574
DDR5-4800,100,5,236.82942492143695,0.12627441539030182,236.7401354260241,236.91871441684978,0.9997506968622945,258.1332613071767,6.632424664319972,250.49109368440804,262.386794476301,236.18318046145652,253.21732005973772
DDR5-4800,100,10,235.75127308788188,0.1568335750407429,235.64037500345285,235.86217117231092,0.999714539288428,240.9087494470992,1.8775537109570992,239.7860764131906,243.07629637422073,235.1011553264833,241.14339108006342
DDR5-4800,100,15,233.0320275728472,0.050024732456141134,232.99665474530042,233.06740040039398,0.9997028045032373,228.830979864738,0.4433673475110703,228.35742861578427,229.23623847292473,233.97372991027981,231.40739736295657
DDR5-4800,100,20,232.62340330164199,0.09076765182862923,232.55922087952158,232.68758572376237,0.9997102143301203,222.8347971385663,0.6188848083516973,222.1327319729281,223.30135800106856,232.8380210674087,223.72258027277084
DDR5-4800,100,25,231.59031748875304,0.0049125881314296075,231.58684376437213,231.59379121313395,0.9997444617390465,217.8338159430992,0.3612176735995431,217.52703356836955,218.23193481307695,231.73114565243299,217.80218117386028
DDR5-4800,100,30,230.90767592547172,0.13956105600110424,230.80899135638379,231.00636049455966,0.9997643337187283,213.9404000892815,0.45619265032323675,213.5340308576873,214.43386003975087,230.64766970909204,212.86432607978844
DDR5-4800,100,35,230.3955302811516,0.030219014876041922,230.37416221081196,230.4168983514912,0.9997419971238317,211.7838403586784,0.8824226454842109,210.78994467018396,212.47520591188626,230.11745036980403,210.57374425946205
DDR5-4800,100,40,228.73461460788528,0.11678995591144499,228.65203163808582,228.81719757768474,0.9997554229901746,207.01616669624863,0.1983170496278246,206.8630979315318,207.2402040179816,229.47021911891338,208.34065231627704
DDR5-4800,100,45,228.00375149731832,0.5154792083101566,227.63925265356153,228.36825034107508,0.9997244386147839,205.68373685778374,0.4592762868546728,205.26238910975255,206.173309036005,228.4405989585586,205.98536284305231
DDR5-4800,100,50,228.06535973268296,0.27710986224046186,227.86941346995906,228.26130599540684,0.99976665760747,204.68177748586288,0.2764775582800886,204.40337816437625,204.95629234744985,227.25636002556445,203.52403343635572
DDR5-4800,100,55,227.15311049713108,0.07978224415957991,227.09669593126756,227.2095250629946,0.9997525685971183,202.93511735549495,0.18114409049149324,202.8089273256856,203.14267772542473,225.7561189773286,201.16728879616545
DDR5-4800,100,60,223.10236489427896,0.340080228092463,222.86189185884732,223.3428379297106,0.9997265887457583,197.7665954505619,0.29949203128440616,197.424867767888,197.98341709834784,223.87406024630056,198.82070548532204
DDR5-4800,100,65,221.8451550114444,0.05974534942547653,221.8029086697213,221.88740135316752,0.9997476777838279,196.10655706836064,0.45592252209844075,195.60067045835285,196.48569228878594,222.210377611622,197.4429510965977
DDR5-4800,100,70,219.8969310572456,0.42634614911287894,219.59545880407512,220.1984033104161,0.9997566320792555,193.19127161435281,0.6348467878591764,192.4605334269582,193.607105747112,221.44148805739854,195.68164249408443
DDR5-4800,100,80,217.59296512634728,0.18191281642576618,217.46433334026787,217.72159691242666,0.9997410366185498,192.45020422948832,0.3547282846009148,192.0737973105803,192.77830239736454,223.31617294913207,193.82530026654595
DDR5-4800,100,90,215.66453737101676,0.011802158258107903,215.6561919848798,215.6728827571537,0.9997105887740687,189.86198451093705,0.3295613228966996,189.59997861949165,190.23199655729263,219.2350719751856,188.5996255871406
DDR5-4800,100,100,215.30555017454088,0.560599742300856,214.9091462952285,215.70195405385323,0.9997420670963104,187.37399714466721,0.381679322647245,187.0253119947659,187.78177730231437,209.65599223558152,180.5597017390395
DDR5-4800,100,120,210.96777611962943,0.1641523491850906,210.85170288037295,211.0838493588859,0.9997232993218742,175.48246428546824,0.1890633699546747,175.27774088816224,175.65048575723412,195.36461136646048,170.35231742388152
DDR5-4800,100,140,193.65252982421967,0.032560471209883535,193.62950609422853,193.6755535542108,0.9996926833404924,161.72786658741697,0.7329189165585034,160.88344666601338,162.19892719296487,178.43704606121364,159.24207821319936
DDR5-4800,100,160,138.60227011116737,0.07490502722942534,138.54930425846848,138.65523596386626,0.9995669817294102,137.50076699111594,1.0025412561409552,136.36469951339967,138.26141948508695,159.32044535095565,148.03839664086948
DDR5-4800,100,180,127.64349719629374,0.07855144332619755,127.5879529380458,127.69904145454169,0.9995321616425605,133.01818375384673,0.6328839330100156,132.3139759497408,133.53943433526254,139.544029791666,138.2109589173146
DDR5-4800,100,200,120.01401017663983,0.005069646440913742,120.01042539526324,120.01759495801642,0.9995229861753545,131.56581152534392,1.045904839499278,130.58657790634615,132.66759095445985,120.78894729656592,130.67168845110544
DDR5-4800,100,220,111.79942965253984,0.026105494311632654,111.78097028048586,111.81788902459382,0.9994392254352273,128.69356441003958,0.24273806167741388,128.43916452985286,128.9226578843127,105.7647839846855,126.5872356739741
DDR5-4800,100,260,98.08468536432277,0.014017118240055344,98.07477376496253,98.094596963683,0.999279783602552,126.52254575788015,0.2671010846443492,126.21528004967224,126.69928332660703,95.86593776936637,124.99375833476361
DDR5-4800,100,300,88.79877447113553,0.013587772809750242,88.78916646484053,88.80838247743053,0.9992110089751713,125.00893031815328,0.06470977001067378,124.94841460313879,125.07714526343143,89.62699330707794,125.03319505656386
DDR5-4800,100,340,79.64330832406009,0.01794938111615602,79.63061619495475,79.65600045316543,0.9993268991335308,123.6506572069621,0.12182465369474949,123.5800374674766,123.79132781675585,79.90306891639631,123.63257662327301
DDR5-4800,100,380,72.21532336973557,0.0016327523258099176,72.214168839494,72.21647789997715,0.9991640832704081,122.6597657152118,0.10390513559255203,122.5811348361923,122.77756150800167,70.32937239199158,122.21888264318041
DDR5-4800,100,450,62.017785270235706,0.0051335518793217474,62.014155300890266,62.02141523958115,0.9990857483002515,121.21885145221684,0.11636564351843165,121.13941072481104,121.3524219150853,61.61766107637066,121.1576953252856
DDR5-4800,100,550,51.59809297137993,0.010218071841141065,51.5908677034904,51.605318239269444,0.9986421163780623,119.86759144490914,0.11805059666298937,119.74348212650835,119.978468242398,54.15170775922263,120.19236909141395
DDR5-4800,100,600,47.560328186817785,0.021530202030538025,47.545104034961675,47.575552338673894,0.9988647399729343,119.2486800794515,0.28649747523160524,118.92156976586789,119.45501298015887,47.76732858904842,119.39280705729631
DDR5-4800,100,700,41.238519716170345,0.019043388446498305,41.22505400706306,41.25198542527764,0.9982700372004789,118.61740725714994,0.16081073151920658,118.47537801913045,118.79201175516553,41.86512491272575,118.68430193634072
DDR5-4800,100,800,36.333236483502674,0.013459094236570605,36.323719466699366,36.34275350030598,0.9984785140413004,118.1583525190786,0.14798577342769464,117.98960733700001,118.266040057704,36.38451231709395,118.03458023739961
DDR5-4800,100,900,32.489082015909695,0.0030224095619783347,32.4869448496129,32.49121918220649,0.99832998153716,117.58048272103122,0.11151887001939291,117.49908630067559,117.70759519759699,31.436656702205646,117.47365335350025
DDR5-4800,100,1000,29.375954329636244,0.002777359373321118,29.373990439989576,29.37791821928291,0.9982870757216484,117.2548994485641,0.18824890060213775,117.1308117496438,117.4715050358846,26.61735901019658,116.93440143530631
DDR5-4800,100,1500,19.9053480716113,0.01110600843976082,19.89749493773163,19.913201205490967,0.9972761518332831,116.16068650345653,0.13665022951590497,116.00964736378931,116.27574932736955,20.912406033923986,116.36413245288662
DDR5-4800,100,2000,15.067101647502227,0.012455037694331251,15.058294605888632,15.075908689115824,0.9964307295084689,115.50825058540134,0.21459191907927233,115.2688284699465,115.6832561248378,15.45730502336216,115.89380941752339
DDR5-4800,100,3000,10.183001360258242,0.009393359679568515,10.176359251930695,10.189643468585789,0.9940017217780253,114.9629105631388,0.14466851796207822,114.86417483917393,115.12897213831606,10.301532411410772,115.0991189082327
DDR5-4800,100,5000,6.186054772130909,0.007834454732147266,6.180514976062908,6.191594568198909,0.99086712446275,114.4935589813963,0.11763787370925533,114.3911997724816,114.62207301281605,5.609537630851079,114.30653656725832
DDR5-4800,100,40000,0.8917057049482978,0.008329601378001745,0.885815787329332,0.8975956225672637,0.9350749773240485,113.7239585518222,0.17053588811847037,113.5330493887592,113.86121932584113,1.9625940750960496,113.34565226495454
DDR5-4800,100,100000,0.43314650466000193,0.0010424255051579869,0.4324093985164229,0.43388361080358095,0.8560748935411133,112.51363698393311,0.11553861572064356,112.38428873013711,112.60661205874081,-0.28237029665042,112.16844642819025
DDR5-4800,100,500000,0.1681546870390114,0.002190001432330161,0.1666061221754025,0.1697032519026203,0.6872868000447736,109.72312520888404,0.5509106538444114,109.09855978805852,110.14000751227425,-0.7684275251844426,110.72689948383454
DDR5-4800,100,1000000,0.13085055636234696,0.0016909976898579118,0.12965484042887765,0.13204627229581628,0.6200234141363035,109.39491457292085,0.2659060855394094,109.13618892681104,109.66746198439465,0.8613503486978686,108.97299185875654
