rw_ratio,pause,bandwidth,latency,row_buffer_hit_rate,row_buffer_miss_rate,row_buffer_empty_rate
36,15,17.1531904,300.2971933930371,0.8138355571839666,0.1861644428160334,0
66,40,7.425493333333334,126.44664402748,0.7798011894159221,0.22019881058407786,0
22,42,5.5787136,109.19394662494066,0.7728883351650578,0.22711166483494216,0
50,200,0.5713109333333333,72.33460541743527,0.7576044988461624,0.24239550115383757,0
56,40,7.13824,121.74485073216783,0.7504281167346573,0.24957188326534274,0
86,30,12.012578133333333,183.83803994193525,0.7583855215937215,0.24161447840627848,0
8,37,6.210798933333333,96.45713642942455,0.7960891859065603,0.2039108140934397,0
86,400,0.18696533333333332,71.00495207667731,0.710109539023277,0.289890460976723,0
82,50,5.478754133333334,114.3689047156932,0.7724126867188492,0.22758731328115078,0
36,75,2.4715434666666667,84.26697127101926,0.8202162038987135,0.17978379610128647,0
66,2,18.3217024,317.96057587770537,0.8170140346783495,0.18298596532165046,0
14,32,7.823940266666667,118.4867853536596,0.7571995096349747,0.24280049036502527,0
22,35,7.251477333333334,127.28790242723149,0.7648533595361166,0.23514664046388345,0
94,25,15.2892032,241.1028018854194,0.8208997749906722,0.17910022500932776,0
72,40,7.227298133333333,126.82273793512051,0.7560567401342938,0.2439432598657062,0
44,2,18.721079466666666,331.86289655130764,0.7889580384310603,0.21104196156893973,0
24,5,18.283767466666667,324.3817829863586,0.8020716605627946,0.19792833943720545,0
6,25,10.451136,147.23746706090645,0.8012300544808398,0.19876994551916016,0
76,40,7.6390784,125.18429900695911,0.7812203803711889,0.2187796196288111,0
86,75,3.025361066666667,84.67206502211167,0.844773921860919,0.15522607813908096,0
12,50,3.9270101333333334,80.68697722855684,0.809535709202482,0.19046429079751803,0
96,27,13.971933866666667,204.0501013161609,0.8386607880117459,0.16133921198825407,0
28,27,10.4654848,141.44436283635707,0.7380979171966628,0.26190208280333716,0
36,20,15.635259733333333,279.66889937269946,0.8089129963755085,0.1910870036244915,0
32,75,2.0857216000000003,84.50678108957167,0.8396226994053281,0.16037730059467192,0
58,22,15.3658112,280.02851241388197,0.7936805575224041,0.20631944247759593,0
56,20,16.022737066666664,289.00888345708137,0.7930796476154286,0.2069203523845714,0
36,200,0.6516693333333333,64.74629914557894,0.7599698824761842,0.24003011752381576,0
32,37,6.802193066666666,119.90717637346154,0.7392100680941174,0.2607899319058826,0
100,22,16.037636266666667,225.4242129915568,0.8549577114738903,0.14504228852610968,0
74,15,17.634624,310.84769361687216,0.766927365921345,0.23307263407865497,0
84,75,2.8261205333333335,105.19054784792694,0.8265551683947993,0.17344483160520074,0
90,75,3.0617429333333335,75.49517793606893,0.8593916354048796,0.14060836459512038,0
36,42,6.003904,112.91416993725298,0.773759296173512,0.22624070382648798,0
80,5,18.064797866666666,290.2822116157845,0.7852296810273748,0.21477031897262522,0
24,50,4.289186133333333,99.82650592528806,0.7910379019534894,0.20896209804651056,0
66,32,10.04512,153.07163585859672,0.7809444320558971,0.21905556794410286,0
46,27,11.4032768,165.6267359041673,0.7443882329214938,0.2556117670785062,0
18,40,5.722077866666667,112.61093252338547,0.7657399232875405,0.23426007671245952,0
20,27,10.074734933333334,140.13525496858168,0.7604412209382594,0.2395587790617406,0
82,10,17.7697536,283.5736394640288,0.768803247033581,0.23119675296641895,0
28,15,17.0285312,304.1179512009294,0.791435462541048,0.20856453745895198,0
72,30,10.713578666666667,162.9230321396919,0.755316119705535,0.24468388029446497,0
68,32,9.612488533333334,149.46445663941086,0.7553782257481045,0.24462177425189546,0
68,15,17.357145600000003,300.9885878242715,0.7895818691909036,0.21041813080909644,0
68,22,15.372407466666665,280.2212768734332,0.7886662662493741,0.21133373375062592,0
98,200,0.7692373333333333,68.13994675245438,0.8882411670087081,0.11175883299129186,0
62,50,5.2501504,99.31717937426988,0.7758715128110107,0.22412848718898926,0
68,75,2.4722688,96.66223732511213,0.8360911780035137,0.16390882199648626,0
62,400,0.1690496,122.24719214557936,0.7094470104237651,0.2905529895762349,0
94,50,6.143112533333333,115.87135971534083,0.8043911898385322,0.1956088101614678,0
92,40,8.372270933333333,131.8771907064884,0.8022750402471447,0.1977249597528553,0
66,400,0.16939946666666666,117.17303478326575,0.7249578117522605,0.2750421882477395,0
60,200,0.6828544,78.60595211316888,0.7735685186573692,0.2264314813426308,0
74,75,2.756049066666667,83.31369506295785,0.8233126763877644,0.1766873236122356,0
90,1000,0.0022442666666666667,60.89163498098859,0.33079847908745247,0.6692015209125475,0
26,15,16.974459733333333,327.54208289108914,0.7665547536955285,0.2334452463044715,0
24,40,6.076228266666667,113.68095994596197,0.7720923014698241,0.2279076985301759,0
0,40,5.341265066666667,95.38360921557847,0.8516446341001662,0.14835536589983378,0
96,45,7.1473792,125.60962820634353,0.8289167587470384,0.1710832412529616,0
98,25,15.2138368,222.9493260363399,0.8371733464806633,0.16282665351933667,0
92,22,16.540475733333334,264.5437940237886,0.8158908899742408,0.18410911002575925,0
8,27,9.5484032,130.46954008918843,0.7932166081968554,0.20678339180314464,0
40,30,9.746146133333333,146.13127779684243,0.753179704699961,0.24682029530003902,0
2,2,17.948224,340.47646919552136,0.8744116112361127,0.12558838876388734,0
18,42,5.3036928,109.91848395162259,0.7707611823470117,0.22923881765298826,0
0,400,0.1413504,67.94793081590147,0.7827281233964201,0.21727187660357994,0
52,1000,0.0022357333333333333,78.11832061068702,0.4446564885496183,0.5553435114503817,0
20,2,18.56105386666667,338.84494921985595,0.8026592513022823,0.19734074869771767,0
86,15,17.48919466666667,273.0096546030914,0.7673154380426589,0.2326845619573411,0
78,37,8.590929066666668,139.72403170584312,0.7721871230132222,0.22781287698677777,0
18,27,9.896558933333333,161.06451106330186,0.7515613238336094,0.2484386761663906,0
66,30,10.914794666666666,166.09082332571703,0.7817176832521876,0.2182823167478124,0
58,1000,0.0020266666666666666,75.16631578947369,0.42736842105263156,0.5726315789473684,0
42,200,0.6372864,89.7149179186417,0.7575988859430652,0.24240111405693476,0
10,40,5.588096,92.90293669784643,0.7889662597063473,0.21103374029365274,0
38,75,2.2697386666666666,73.11027731213181,0.8359606744741245,0.16403932552587552,0
38,40,6.553591466666667,116.54323870810084,0.7575999447915948,0.24240005520840524,0
52,37,7.521109333333333,133.49446892125266,0.7479634209988881,0.25203657900111187,0
2,27,9.2116224,149.59776386737997,0.8188667394790303,0.18113326052096967,0
18,400,0.12534613333333333,107.50456123629927,0.7074681734631357,0.29253182653686427,0
60,5,18.3325696,322.0824502448123,0.798490514572127,0.20150948542787295,0
0,5,17.80267093333333,329.6278686194865,0.9144278215871009,0.0855721784128991,0
56,5,18.25556053333333,317.91416770118724,0.7956914884541773,0.20430851154582275,0
50,40,6.745416533333334,141.8787104784039,0.7718989194519522,0.22810108054804779,0
52,45,5.629674666666666,120.98686703167223,0.7554854087483089,0.24451459125169106,0
68,30,10.479547733333334,159.48455480736916,0.7560086053586434,0.24399139464135655,0
24,2,18.38338986666667,324.2399862082485,0.8016356562573472,0.19836434374265277,0
14,27,9.798869333333332,140.14562253982083,0.7556798934081103,0.24432010659188974,0
72,200,0.6063317333333333,69.76661576677057,0.7927295245199107,0.20727047548008926,0
2,20,13.4590848,235.94250463513143,0.8545427397856948,0.14545726021430516,0
86,2,18.3803392,284.1590577759391,0.7682678674395736,0.23173213256042635,0
16,35,6.9726464,108.33054544588333,0.7686459668072847,0.2313540331927153,0
36,2,18.4151168,322.62679586666843,0.8145711245230874,0.18542887547691256,0
92,400,0.18680746666666664,124.34956489961857,0.803142772308887,0.19685722769111302,0
68,10,18.314295466666668,313.1972904417003,0.791072061332402,0.20892793866759796,0
52,400,0.1426304,131.73639654192468,0.6796194920577942,0.32038050794220585,0
54,1000,0.002248533333333333,67.7988614800759,0.42314990512333966,0.5768500948766604,0
18,30,8.614391466666667,143.46204718442868,0.7521666688129458,0.2478333311870542,0
32,20,15.208221866666666,282.50922581840985,0.7786477321600358,0.2213522678399642,0
14,22,12.680520533333333,190.8788825300596,0.7681279624441074,0.23187203755589259,0
94,75,3.0872064000000004,83.62574484627099,0.857136341774881,0.14286365822511904,0
88,40,8.25408,131.95109435775296,0.7611516890232871,0.23884831097671289,0
58,32,9.6364928,148.84387323423604,0.7527084819351151,0.24729151806488492,0
28,25,11.541696,155.07420515258005,0.7424982948779798,0.2575017051220202,0
66,27,12.462779733333335,190.62802183932948,0.791006667661772,0.20899333233822803,0
58,37,7.942186666666666,131.9401699412471,0.7516086921485938,0.24839130785140617,0
84,37,8.827392,156.8741924868628,0.7607553699514723,0.2392446300485277,0
46,35,8.1207296,128.42470353089246,0.7380223570059518,0.26197764299404824,0
66,50,5.352046933333333,105.10836476263422,0.7864652507282447,0.2135347492717553,0
2,35,6.414958933333333,119.98474529494077,0.8188853253661774,0.18111467463382258,0
62,35,8.782510933333333,134.62101225633006,0.7652794572097468,0.23472054279025323,0
44,30,9.663278933333334,146.81204191591934,0.7310501313343026,0.26894986866569737,0
18,25,10.931780266666667,175.5474162332429,0.7532765629927529,0.24672343700724708,0
38,30,9.681390933333333,146.7857647542643,0.7565282079577766,0.24347179204222336,0
44,27,11.098496,166.13722594193948,0.7371961510220244,0.2628038489779756,0
68,50,5.008064,112.24498240717593,0.7770465127176224,0.22295348728237763,0
58,42,6.623300266666666,121.9582456093198,0.7578037229053504,0.24219627709464964,0
92,30,12.176055466666668,171.68346425713258,0.8057435042783861,0.19425649572161385,0
48,200,0.6527744,71.30998601252337,0.7456436200112423,0.2543563799887577,0
52,40,6.708693333333333,129.97282746351465,0.7542843514484688,0.24571564855153116,0
6,5,18.0493184,345.11377341397105,0.8471407171438304,0.15285928285616956,0
44,5,18.603601066666666,331.13495739289283,0.7886876783023972,0.21131232169760283,0
48,42,6.341073066666667,108.00388234620758,0.7454422014965795,0.25455779850342053,0
92,50,6.0955008,112.56760047933514,0.8082397648661342,0.19176023513386575,0
68,400,0.14781013333333334,122.16202407412753,0.7111104696475479,0.28888953035245213,0
44,45,5.404731733333334,112.17057879035565,0.7446946241278753,0.25530537587212465,0
36,35,7.7577685333333335,129.1908802924028,0.7683683060475948,0.23163169395240524,0
76,200,0.7134933333333333,68.97079384063387,0.792034683809239,0.20796531619076097,0
96,35,10.067916799999999,151.68952863195565,0.830917315486755,0.16908268451324504,0
62,200,0.6882261333333334,70.81653782012734,0.7747655034314302,0.22523449656856975,0
66,1000,0.0021674666666666666,69.51968503937007,0.36220472440944884,0.6377952755905512,0
88,10,17.944098133333334,268.862432161137,0.7771917668811085,0.22280823311889153,0
58,35,8.5711616,136.5275971522188,0.750439800364982,0.24956019963501797,0
8,32,7.614839466666666,110.1808556154141,0.7924535279325478,0.20754647206745225,0
42,40,6.570521599999999,118.57226960374285,0.7482515847752483,0.25174841522475166,0
20,200,0.5855615999999999,70.9989580373212,0.7676568955341334,0.2323431044658666,0
32,400,0.1338752,125.3925805526341,0.6930872932402715,0.3069127067597285,0
76,1000,0.0021546666666666667,74.97425742574258,0.4099009900990099,0.5900990099009902,0
22,40,6.0066048,112.71539151696895,0.7702383438533085,0.22976165614669153,0
28,400,0.15045973333333335,127.37664473684211,0.691214836660617,0.308785163339383,0
60,40,7.194624,125.84102074188947,0.7634713919726729,0.23652860802732711,0
94,2,18.570389333333335,269.16529629108413,0.8214096247273078,0.17859037527269217,0
96,1000,0.0021162666666666666,66.21975806451613,0.4274193548387097,0.5725806451612903,0
30,10,18.106530133333337,321.6758393815784,0.7876282071523132,0.2123717928476868,0
60,1000,0.0021888000000000003,77.29044834307992,0.38596491228070173,0.6140350877192983,0
48,10,18.375645866666666,312.5552473769426,0.79906389721166,0.20093610278833995,0
0,45,4.433075199999999,87.3428058009162,0.8629762021632297,0.13702379783677032,0
32,27,10.473480533333333,154.25130287933146,0.7341845634658426,0.2658154365341574,0
86,25,15.025472,248.60938531058972,0.7676873689336792,0.23231263106632083,0
60,37,8.032174933333334,131.93932847341392,0.7610909935029303,0.2389090064970697,0
96,37,9.3862784,144.6233784871698,0.830194339856785,0.16980566014321496,0
36,5,18.333367466666665,322.8908129603889,0.8150249843898473,0.18497501561015273,0
42,75,2.3511125333333336,84.50858788785591,0.8253164005647482,0.1746835994352518,0
8,5,18.1911296,344.5078732787849,0.8393822888271875,0.16061771117281254,0
38,35,7.893768533333333,131.90733462385597,0.7556815786372859,0.2443184213627141,0
2,40,5.2614442666666665,108.3615542100546,0.8257147745896488,0.17428522541035119,0
28,10,18.197956266666665,323.7007985290524,0.7938909945872896,0.20610900541271038,0
44,35,7.8409472000000004,129.43552104069477,0.7318190673018008,0.2681809326981992,0
42,25,12.297544533333333,184.87358546085673,0.7498599178346541,0.2501400821653459,0
52,10,18.19935146666667,310.37781869668214,0.7981445434070266,0.20185545659297344,0
50,50,4.703675733333333,115.67705408400477,0.7788564109634768,0.2211435890365232,0
52,2,18.5297664,313.0097632832437,0.7981302415843372,0.2018697584156628,0
64,35,8.791662933333335,140.64978559848652,0.7748024067407376,0.22519759325926236,0
62,30,10.737548799999999,158.78205531266656,0.7683330730628826,0.23166692693711743,0
80,2,18.158536533333333,290.59163599748945,0.7852243951759285,0.21477560482407154,0
24,1000,0.002222933333333333,57.39923224568138,0.3723608445297505,0.6276391554702495,0
44,10,18.3248,327.03734964941833,0.7885784801653133,0.2114215198346867,0
60,2,18.4292352,322.90378773506006,0.798421383577907,0.20157861642209296,0
8,15,16.466730666666667,309.78360697304777,0.8380863297049533,0.16191367029504666,0
96,32,11.315259733333333,164.60947955526,0.8327916066808094,0.16720839331919057,0
84,27,13.2210176,215.32976937014914,0.7718709539170924,0.22812904608290763,0
68,2,18.629777066666666,314.61663322862296,0.7906979140949176,0.20930208590508237,0
66,35,8.916603733333332,140.7971301764288,0.7776286959363661,0.22237130406363392,0
14,37,6.383812266666666,103.96568721633923,0.7639121885622702,0.23608781143772983,0
28,22,13.503244800000001,197.35994223893036,0.7577061971554175,0.24229380284458246,0
16,45,4.7896448,88.65177138049435,0.7865065345416289,0.2134934654583711,0
20,20,14.618773333333333,243.71347085619402,0.7865498245178802,0.21345017548211975,0
92,45,7.087675733333334,122.87759447469685,0.8067571488597823,0.19324285114021766,0
16,15,16.481762133333334,302.4352782636098,0.8028301439871931,0.1971698560128069,0
14,20,14.247381333333333,244.48142450893508,0.781784722825322,0.21821527717467804,0
8,20,13.901691733333333,217.82500414348348,0.8197911797555038,0.18020882024449625,0
92,1000,0.0021674666666666666,69.50196850393701,0.4251968503937008,0.5748031496062992,0
98,40,8.386619733333333,136.34746207248057,0.827339447114235,0.17266055288576498,0
82,20,15.988599466666667,268.30241401547164,0.7695811522236644,0.2304188477763356,0
4,15,16.161147733333333,301.13843320750937,0.8559172959069046,0.14408270409309543,0
14,15,16.598037333333334,321.9141426767146,0.7991110916889129,0.20088890831108708,0
34,10,18.2067072,317.83785895258455,0.8001648388860416,0.19983516111395838,0
100,37,9.399445333333333,146.20783987125182,0.845730925399286,0.15426907460071404,0
32,45,5.048145066666667,105.35407257025606,0.752327455565989,0.247672544434011,0
74,27,12.565602133333334,188.26351863282713,0.7414235281214697,0.2585764718785303,0
50,32,9.213866666666666,160.64374732540256,0.7743732345450336,0.2256267654549664,0
16,10,17.69176746666667,321.42468965773946,0.8032346736096976,0.19676532639030242,0
60,15,17.2085632,300.2598852464573,0.7976082357261142,0.20239176427388583,0
86,40,8.206988800000001,136.85524869876488,0.7620036880436992,0.23799631195630078,0
10,35,6.782728533333334,106.93400144698411,0.7844055049311128,0.21559449506888717,0
64,42,6.8095658666666665,122.18305545831146,0.7782864826390107,0.22171351736098932,0
16,42,5.3401344,93.07866009567151,0.7791879794885562,0.22081202051144377,0
18,50,3.990664533333333,100.38168051203121,0.7936688506081393,0.2063311493918607,0
46,200,0.6489343999999999,77.90435520138861,0.75951714071561,0.24048285928438995,0
50,22,14.8102656,254.57093525642054,0.8165366235340619,0.18346337646593813,0
28,5,18.509717333333334,332.1109404751492,0.794671771684898,0.205328228315102,0
32,1000,0.0022357333333333333,55.13549618320611,0.3549618320610687,0.6450381679389313,0
32,15,16.901179733333333,305.64103358929225,0.7831306261161352,0.21686937388386485,0
86,20,16.4930944,268.01659860317403,0.7690673740398891,0.23093262596011088,0
30,15,16.9706368,302.1247542084874,0.7859292272795955,0.21407077272040453,0
88,400,0.18385493333333333,121.19173377271356,0.7764266320113249,0.2235733679886751,0
54,2,18.6026496,321.57875866666285,0.7920842129212963,0.20791578707870373,0
68,5,18.5342336,314.45055786907614,0.790825470118171,0.20917452988182905,0
4,35,6.594645333333333,107.79404492712032,0.8061269911103635,0.19387300888963654,0
10,5,18.201984,344.49140518154303,0.8284185284417347,0.1715814715582653,0
44,1000,0.0020266666666666666,67.35578947368421,0.3684210526315789,0.631578947368421,0
66,200,0.6954794666666666,70.41626841223781,0.7832984668993822,0.2167015331006178,0
16,25,10.922312533333333,150.5066595205192,0.7686260921740822,0.23137390782591782,0
72,20,16.060155733333332,286.36752058239273,0.7823232066956793,0.21767679330432066,0
12,35,6.84352,106.24799911481577,0.7672433679354095,0.23275663206459052,0
18,20,14.4145024,272.0954732202277,0.7786726789819675,0.22132732101803254,0
62,37,8.1426432,128.83201086867444,0.764960449206469,0.235039550793531,0
72,37,8.0826752,133.44447451330998,0.7541028000234378,0.24589719997656223,0
78,22,15.655104,272.3586278086035,0.7991262317175706,0.20087376828242942,0
56,30,10.5560704,158.95733454361783,0.7518708982211159,0.24812910177888414,0
28,50,4.312102400000001,87.69338930570441,0.7670734349907832,0.23292656500921682,0
28,75,2.1620608,70.25243986627781,0.8361938140993384,0.16380618590066165,0
48,2,18.646711466666666,312.6020513884361,0.7981165236528284,0.20188347634717163,0
14,30,8.544435199999999,124.04501052102498,0.7550931238458766,0.24490687615412343,0
78,200,0.7169023999999999,70.46923653763749,0.7945114983573776,0.20548850164262245,0
54,75,2.3330048000000003,96.76500353399288,0.8229693598001456,0.17703064019985437,0
50,20,15.965576533333333,280.389646066459,0.8261232432871576,0.17387675671284242,0
14,75,2.0409429333333335,66.97633546088889,0.8700208635590138,0.12997913644098624,0
100,1000,0.002120533333333333,70.31388329979879,0.4225352112676056,0.5774647887323944,0
20,15,16.895129599999997,310.467358362817,0.8018418120529441,0.19815818794705586,0
34,75,2.2111616,68.37361224109708,0.8394318473451541,0.16056815265484592,0
12,27,9.730026666666667,133.33390820536502,0.7604959493088063,0.23950405069119374,0
60,32,9.737685333333333,149.67793142519233,0.7598627682088447,0.24013723179115531,0
38,20,15.630327466666667,273.27586168524647,0.7928973908637922,0.20710260913620782,0
76,15,17.248994133333333,282.95418710185197,0.8008240959766574,0.19917590402334262,0
20,32,8.054664533333334,119.30339557568625,0.7598542651492839,0.2401457348507161,0
12,37,6.326574933333333,100.97696467599425,0.7697564929919322,0.23024350700806784,0
22,45,5.024247466666667,104.6805973395584,0.7772593791558462,0.2227406208441538,0
56,15,17.170376533333332,297.801117145026,0.7946416612847876,0.20535833871521236,0
12,32,7.760507733333334,113.34823865242932,0.7630038227052086,0.2369961772947914,0
10,400,0.1386752,119.65602116792813,0.7443234262506923,0.25567657374930775,0
66,25,13.698500266666667,220.2857102958992,0.7968729073134936,0.20312709268650642,0
62,27,12.264456533333334,183.0438124750635,0.7748206459459478,0.2251793540540522,0
22,10,17.518634666666667,307.33209322340923,0.7960915066744928,0.2039084933255072,0
42,400,0.15559679999999998,166.26552045629046,0.6961994076999013,0.3038005923000987,0
46,5,18.679057066666665,327.8257852274366,0.7921055372616668,0.20789446273833323,0
76,75,2.7439914666666665,75.47002314796376,0.8427112698504019,0.1572887301495981,0
72,22,15.465796266666667,279.83554055820775,0.7829510957306287,0.2170489042693713,0
44,42,6.009732266666667,116.23582478197898,0.7386049721305389,0.2613950278694611,0
14,200,0.5725141333333332,70.97423667677724,0.7725419762563067,0.22745802374369328,0
78,75,2.8110336,79.42868224192584,0.8244024309539855,0.17559756904601453,0
84,45,6.686523733333333,141.47615197623728,0.7690010043684283,0.23099899563157167,0
84,50,5.727808,133.29087146254395,0.7762561873582354,0.22374381264176457,0
22,22,13.2852864,220.53151688178608,0.7761588238449015,0.22384117615509846,0
44,37,7.2451584,125.4540153117745,0.7322847397419681,0.26771526025803194,0
6,400,0.1377664,99.38431044628202,0.7589581591253988,0.24104184087460123,0
96,400,0.1885482666666667,121.90733407254871,0.8356000090516168,0.1643999909483832,0
82,5,18.0016384,283.51394706331223,0.7684444248511662,0.23155557514883385,0
70,2,18.496401066666667,315.08013589505646,0.7951910616009711,0.20480893839902892,0
0,15,16.118668800000002,297.45721356065604,0.9143350928169287,0.08566490718307129,0
34,40,6.327901866666666,105.99932515279922,0.7635024428528854,0.23649755714711462,0
78,20,16.06244266666667,272.74999560105437,0.7982930616115507,0.20170693838844933,0
74,20,16.3733376,295.50492186080237,0.7657855984923522,0.23421440150764783,0
8,40,5.525781333333334,91.14402777353273,0.8010308044521487,0.1989691955478513,0
62,75,2.609344,75.02988876322941,0.8231896854790578,0.1768103145209422,0
100,2,18.152750933333333,240.9315681244932,0.8574857840463072,0.14251421595369285,0
74,37,8.37696,134.10320838575564,0.7353696488145262,0.26463035118547384,0
30,45,5.177130666666667,92.59684663729581,0.7547985396286437,0.24520146037135626,0
14,42,5.282112,95.31631910083217,0.7746751804328773,0.2253248195671227,0
70,25,13.5641344,203.2345114028071,0.7709545549769841,0.22904544502301594,0
54,35,8.220010666666667,144.53622247062964,0.7440205754801941,0.25597942451980593,0
16,50,4.014967466666667,83.34093994231755,0.8006456905786136,0.19935430942138643,0
20,10,18.157751466666667,331.9516245729554,0.8025888903013659,0.19741110969863407,0
48,25,12.642312533333333,179.9139606770476,0.7579686686857628,0.24203133131423715,0
82,15,17.109678933333335,276.5534569608844,0.7695617619693966,0.23043823803060337,0
26,10,18.0859648,347.06951460876314,0.7681932898597702,0.2318067101402298,0
96,15,17.89809066666667,253.25951946618372,0.8416950247504985,0.1583049752495015,0
32,35,7.371575466666666,122.54053003015929,0.7350659513472434,0.2649340486527566,0
98,42,7.833420800000001,131.72100172394963,0.8274840709863733,0.17251592901362667,0
42,22,14.393454933333334,237.25481232123454,0.7683658290909112,0.23163417090908878,0
26,1000,0.002176,60.83725490196078,0.3686274509803922,0.6313725490196078,0
16,40,5.7531050666666665,96.18251927766069,0.7739427344139355,0.22605726558606454,0
80,45,6.724932266666666,120.93040505101149,0.779094835790366,0.22090516420963402,0
54,40,6.7827456,133.50965503324434,0.746379519231858,0.25362048076814203,0
20,35,7.110536533333333,111.8200038408635,0.7651638252370792,0.23483617476292085,0
46,10,18.499114666666667,329.201819736144,0.7931045060462714,0.20689549395372864,0
78,35,9.245435733333334,145.47942068032987,0.772039213641245,0.22796078635875505,0
22,50,4.226504533333333,96.87459308558266,0.7912631601262685,0.20873683987373148,0
94,32,11.307272533333332,161.28431455601188,0.8101180993320358,0.18988190066796418,0
50,37,7.558830933333333,148.3564045591754,0.7723302255982019,0.22766977440179814,0
52,20,15.811319466666667,286.6253448067657,0.7959421746256792,0.20405782537432082,0
42,37,7.358997333333333,124.80364612323453,0.7425718866048419,0.25742811339515814,0
52,27,11.482961066666666,173.4161058727496,0.7546132584060083,0.24538674159399165,0
82,40,7.664294399999999,136.20697773934387,0.7557950453121077,0.24420495468789227,0
80,200,0.7605461333333333,58.911889280965816,0.7928842712324617,0.20711572876753825,0
96,40,8.439138133333334,136.41195358391295,0.8284837175157982,0.1715162824842018,0
2,32,7.3060992,129.61405689654416,0.8161282014895171,0.18387179851048285,0
38,37,7.311351466666666,127.64359363316517,0.7581894936852167,0.2418105063147833,0
54,30,10.1129344,163.4464049522139,0.7449809490177912,0.2550190509822088,0
90,27,13.842244266666667,207.34363534073677,0.7888142069293734,0.21118579307062657,0
100,15,17.450218666666668,234.80854535516588,0.8573511055907304,0.14264889440926964,0
48,32,9.242513066666667,131.1366836952359,0.7416723370821166,0.25832766291788345,0
86,32,11.026555733333334,167.22952252929807,0.7580090769474247,0.2419909230525753,0
20,37,6.5833984,106.13273726806331,0.7659373007108304,0.23406269928916956,0
54,5,18.485009066666667,320.96563173321795,0.7919356461879078,0.2080643538120922,0
100,20,16.469568,227.56869137821712,0.8558683749324816,0.14413162506751842,0
34,25,11.8730496,168.16363149738987,0.7629266199645961,0.2370733800354039,0
64,22,15.609288533333334,275.3006516540266,0.8079928887469943,0.19200711125300574,0
52,75,2.326980266666667,101.13415297000746,0.8195718261928249,0.18042817380717513,0
50,45,5.6237824,128.42796457589836,0.7723724161162423,0.2276275838837577,0
18,45,4.752251733333333,105.92485461968691,0.7790985707603368,0.22090142923966316,0
98,1000,0.0021802666666666665,76.79256360078278,0.4461839530332681,0.5538160469667319,0
42,35,7.951633066666667,128.8675966988315,0.742105336584277,0.257894663415723,0
80,25,14.561335466666666,241.03383756648546,0.7814937413799116,0.21850625862008843,0
18,15,16.690120533333335,328.9381013705973,0.789726942974584,0.210273057025416,0
74,40,7.5099605333333335,128.63746247134233,0.7379605226154407,0.26203947738455935,0
94,37,9.341576533333333,142.31734254360921,0.8073751548346786,0.1926248451653214,0
76,42,7.125960533333334,122.84242821387109,0.7832520131461482,0.21674798685385177,0
88,35,9.855786666666667,147.45531952805814,0.7585510508885474,0.24144894911145265,0
56,400,0.1724416,72.84538301662708,0.6135441409342834,0.38645585906571656,0
40,20,15.948689066666667,291.84250620615217,0.796503132445544,0.20349686755445595,0
60,45,6.0845056,114.06417364151017,0.7670021373634696,0.23299786263653044,0
72,10,18.223872,308.45781620091594,0.7805931326412594,0.2194068673587406,0
72,5,18.39997866666667,308.60371795631437,0.7797708750966668,0.22022912490333324,0
100,25,15.281058133333334,221.54465227043525,0.8528551460869167,0.1471448539130833,0
6,50,3.7914282666666668,85.7157769617903,0.8389293012954977,0.1610706987045023,0
60,10,18.125738666666667,321.6072242335177,0.7986827424191779,0.20131725758082208,0
96,42,7.886839466666666,130.6127665223036,0.8285048564278288,0.17149514357217122,0
88,20,16.429973333333333,255.58808421836008,0.7763338548733697,0.2236661451266303,0
76,10,17.952021333333334,293.9645446154753,0.8013770631288614,0.19862293687113863,0
64,5,18.318592000000002,315.76634793647673,0.8131783054068784,0.1868216945931216,0
12,1000,0.002176,56.44313725490196,0.32745098039215687,0.6725490196078432,0
58,75,2.5716010666666667,81.69660938065606,0.815240601341587,0.18475939865841295,0
12,2,18.15336106666667,345.5857204246299,0.8039546439767467,0.19604535602325335,0
46,32,9.1592704,137.61121634238427,0.7375315833016569,0.2624684166983431,0
94,15,17.7658368,260.5755271829153,0.8217116873061298,0.17828831269387024,0
98,50,6.106990933333334,115.34473423465266,0.8278561278143484,0.17214387218565164,0
16,1000,0.0021717333333333335,79.98231827111984,0.44597249508840864,0.5540275049115914,0
24,27,10.384447999999999,154.94932025423802,0.7630245022813602,0.2369754977186398,0
90,400,0.18718293333333333,114.55638120854323,0.7871714800209706,0.2128285199790294,0
84,15,17.1777024,269.119830562595,0.7790507458475161,0.2209492541524839,0
76,37,8.511901866666667,131.38388153719436,0.7782184957520814,0.22178150424791865,0
62,10,18.4589696,325.4610334622179,0.807251241875025,0.19274875812497505,0
0,75,1.9338965333333333,66.62167756691407,0.9448127662672612,0.055187233732738816,0
10,42,5.1847210666666665,89.14685783226444,0.7944178957823973,0.2055821042176027,0
54,20,15.828113066666667,288.75150129948213,0.7879308216212894,0.21206917837871064,0
26,22,13.352439466666667,206.07474081003843,0.731647578286219,0.26835242171378104,0
42,50,4.6818944,103.37968363081784,0.7648268188193224,0.23517318118067765,0
90,22,16.286340266666667,258.3684486278428,0.795413861425565,0.20458613857443497,0
90,42,7.8014592,130.12331570413355,0.785297738488034,0.21470226151196603,0
66,45,6.2786944,116.17329125648595,0.7794095961521342,0.22059040384786577,0
78,15,17.093866666666667,278.930502756412,0.7979872078874294,0.20201279211257062,0
48,20,15.951816533333332,278.68457951073225,0.7953236239159688,0.20467637608403122,0
90,35,9.963716266666665,151.80954064218537,0.7822032453968447,0.21779675460315528,0
50,5,18.876834133333332,315.02682984074926,0.8325158704578259,0.16748412954217407,0
38,25,12.189751466666667,179.74489122314918,0.7647706156130982,0.23522938438690177,0
42,5,18.436168533333333,332.0787555508158,0.7879947058269461,0.21200529417305392,0
2,10,17.5070336,332.96866824351247,0.8751063496369064,0.12489365036309363,0
24,30,9.040571733333334,139.43804512959468,0.7625150786923682,0.23748492130763177,0
62,32,9.876407466666667,147.84467923291794,0.767169103972165,0.23283089602783502,0
74,5,18.561736533333335,323.8053091567412,0.7678810281428841,0.23211897185711594,0
88,5,18.088964266666665,269.26452144035176,0.7769570768569967,0.22304292314300334,0
80,22,15.809194666666667,269.1072460026068,0.7851026103290439,0.21489738967095606,0
70,10,18.2282624,315.4970830461556,0.7958021641528853,0.2041978358471147,0
0,30,8.102493866666666,124.66755098847132,0.8566072430967098,0.14339275690329023,0
10,10,17.948104533333336,339.8774964276044,0.8287376440805813,0.17126235591941874,0
80,15,17.235029333333333,279.0378710107292,0.7847269189446114,0.21527308105538856,0
44,32,8.869124266666667,138.0721928306671,0.730283960992947,0.269716039007053,0
54,45,5.693696,122.52459380545179,0.7503304707522144,0.24966952924778563,0
36,37,7.1785984,125.51313422733806,0.7704441765865233,0.2295558234134767,0
50,75,2.254971733333333,103.5127809163893,0.8354219133449005,0.16457808665509954,0
100,40,8.481591466666668,137.51061899158836,0.8459574630773696,0.15404253692263037,0
36,45,5.428919466666667,109.71511278442257,0.7790582071875027,0.22094179281249726,0
90,37,9.277209599999999,144.13567514891497,0.7807455667129335,0.2192544332870665,0
10,200,0.5639808,67.91565481188958,0.7874915836378354,0.21250841636216455,0
8,10,17.807616000000003,329.8339874044738,0.8390863175246666,0.16091368247533344,0
30,32,8.459814399999999,119.2899710348697,0.7386316812498077,0.2613683187501923,0
40,32,8.977237333333333,137.48996247591649,0.7505755594000114,0.24942444059998858,0
60,27,12.118929066666666,183.2033589941854,0.7660741155918199,0.23392588440818007,0
40,400,0.15514453333333333,126.01652824377096,0.6920136406138276,0.30798635938617236,0
4,2,17.903829333333334,335.21722331804716,0.8565686655338984,0.14343133446610157,0
36,40,6.444006399999999,117.0447508521344,0.7712978890482377,0.2287021109517623,0
72,75,2.4784128,92.51862324048591,0.8385599041451045,0.1614400958548955,0
8,35,6.7100501333333336,102.8304467913745,0.7959569343307042,0.20404306566929575,0
82,32,10.4203008,167.6671545106095,0.7554058580215521,0.24459414197844787,0
16,2,18.117444266666666,332.5265024365443,0.8033754753577017,0.1966245246422983,0
92,32,11.231001599999999,159.8119749726064,0.8035027614990279,0.19649723850097212,0
44,200,0.5546581333333334,77.38461360944015,0.764034831305097,0.23596516869490303,0
26,75,2.1987072000000003,72.86624640180766,0.8325027846666744,0.16749721533332562,0
58,40,7.1122602666666666,125.85753988101276,0.7546540479058584,0.24534595209414156,0
98,37,9.3073152,143.97953534633646,0.8278744587196675,0.17212554128033253,0
92,25,15.168887466666668,237.00327492725944,0.8147056374760633,0.18529436252393672,0
94,22,16.276330666666667,250.02662983633655,0.8212340733963953,0.17876592660360469,0
22,20,14.876040533333333,271.83607414491337,0.7915376478673035,0.20846235213269648,0
0,25,10.284433066666667,154.08361095944605,0.8705044029780776,0.12949559702192237,0
70,22,15.579276799999999,276.8896473304372,0.7911857200799804,0.20881427992001955,0
44,22,14.31776,240.5975254985805,0.7655418724716715,0.2344581275283285,0
44,40,6.465006933333333,118.88087177181036,0.73523662320589,0.26476337679411,0
84,32,10.677696000000001,174.1879977852731,0.762820044074427,0.23717995592557295,0
64,2,18.405922133333334,315.09459106654754,0.8129318610033455,0.18706813899665453,0
76,45,6.458154666666667,116.64994186271572,0.7883399509787729,0.21166004902122715,0
30,30,9.217762133333334,126.48933095421408,0.737143314727323,0.262856685272677,0
80,35,9.494493866666666,144.52064224315703,0.7688772428718826,0.23112275712811736,0
52,15,17.159744,296.89742367190945,0.7969096042458442,0.20309039575415577,0
96,30,12.287577599999999,176.20376503189303,0.8350363432631885,0.16496365673681146,0
90,10,18.376759466666666,279.6472686764962,0.7963693504584225,0.2036306495415775,0
34,1000,0.0021162666666666666,61.97782258064516,0.33669354838709675,0.6633064516129032,0
12,400,0.1390848,115.03748696239033,0.7287563654211915,0.2712436345788085,0
98,22,16.39808,236.16206228873355,0.8390055421122473,0.16099445788775268,0
84,200,0.6691712,55.94544654641443,0.8131627103298329,0.1868372896701671,0
86,50,5.979396266666667,115.85802429476452,0.7764975692529226,0.22350243074707743,0
36,1000,0.002120533333333333,75.25754527162978,0.41851106639839036,0.5814889336016096,0
2,400,0.11925333333333334,110.35567084078711,0.8031484794275492,0.1968515205724508,0
98,27,13.890427733333333,199.08080519177082,0.8334997660931162,0.16650023390688384,0
20,42,5.452305066666667,96.67654887973261,0.7774430229973925,0.22255697700260746,0
64,15,17.3640832,296.81662740537973,0.81245750615462,0.18754249384538002,0
40,10,18.44813226666667,327.7616435625066,0.7996422575518973,0.20035774244810267,0
2,37,5.933162666666666,113.7375302246313,0.8204417565269293,0.1795582434730707,0
60,25,13.302011733333334,211.81485945411208,0.7750196541700038,0.22498034582999615,0
20,40,5.867933866666666,100.14921088324523,0.7708502236244243,0.22914977637557565,0
14,400,0.13958826666666668,123.01671964787872,0.7192505196234259,0.2807494803765741,0
8,75,1.9810901333333333,63.636823743839365,0.8896230600579775,0.11037693994202247,0
86,27,13.692736,216.1070940444654,0.7634473636240412,0.2365526363759588,0
44,50,4.5416704,108.65434373529872,0.7571412198178596,0.24285878018214035,0
10,75,1.9910869333333334,63.488997803013625,0.8834935852792498,0.11650641472075018,0
50,30,10.034513066666666,170.16479167478332,0.7783058279074375,0.22169417209256248,0
96,20,16.938436266666667,245.51650079839675,0.8416026313708045,0.1583973686291955,0
36,22,14.11648,235.71403750343833,0.7958643514530535,0.20413564854694655,0
84,35,9.4760192,163.09574004419895,0.7613278509749467,0.2386721490250533,0
50,42,6.259421866666667,134.74031838464447,0.7704600791246663,0.2295399208753337,0
76,2,18.228492799999998,294.40311936106446,0.8013041209858008,0.19869587901419916,0
46,1000,0.0022015999999999997,58.41472868217054,0.3624031007751938,0.6375968992248062,0
42,30,9.758314666666667,147.43832458662166,0.7408837810244829,0.25911621897551707,0
42,20,15.771319466666666,289.9056990698148,0.7842031834732306,0.2157968165267694,0
84,2,18.070088533333333,274.73728328871863,0.7791348507984436,0.22086514920155642,0
8,42,5.122683733333333,88.72817735680091,0.8063256842871528,0.1936743157128472,0
12,75,1.9998677333333332,65.93571738318398,0.8849459910948777,0.1150540089051223,0
60,22,15.3258112,278.39417851412344,0.7942787654855098,0.2057212345144902,0
10,30,8.403916800000001,121.73018279822595,0.7793440315829876,0.2206559684170124,0
34,27,10.779306666666667,151.03911521845828,0.7599046073464217,0.24009539265357827,0
74,200,0.7039616,77.98763568921942,0.7885278590953446,0.21147214090465538,0
24,400,0.14733653333333335,124.77638132746438,0.6915904088960964,0.30840959110390365,0
96,25,15.3130752,228.27668894567665,0.8405796374591042,0.15942036254089575,0
72,42,6.721796266666667,122.70701427684668,0.758355385639775,0.241644614360225,0
30,20,15.262984533333334,266.4109727285591,0.7786136436190584,0.22138635638094162,0
10,45,4.647825066666667,83.91974637552434,0.8016623000842716,0.19833769991572836,0
26,45,5.0529877333333335,97.75344736927386,0.747726493590274,0.252273506409726,0
62,22,15.684919466666667,283.212236181704,0.8029965020498331,0.19700349795016692,0
30,5,18.377501866666666,328.84242445115575,0.7873613347984678,0.21263866520153218,0
22,5,17.824081066666665,317.20989653637514,0.796333900575916,0.20366609942408398,0
12,40,5.638788266666667,93.92439069923071,0.7749167480710749,0.2250832519289251,0
2,30,7.994129066666666,137.32902187333184,0.8167188293915961,0.18328117060840388,0
6,75,1.9767637333333334,65.70821398751279,0.8943695715987775,0.1056304284012225,0
32,42,5.633105066666666,107.40566275112235,0.7458006345724589,0.25419936542754107,0
40,37,7.3677866666666665,124.43371604017183,0.7538395610441128,0.24616043895588724,0
34,32,8.6430976,125.3998116198098,0.7559901980820704,0.24400980191792965,0
82,42,7.1408384,132.74581263581007,0.7585499577565943,0.24145004224340572,0
88,15,17.40983466666667,262.9011286845206,0.7772413691694258,0.22275863083057423,0
88,27,13.698030933333333,203.9504018417899,0.7698359993969741,0.2301640006030259,0
22,15,16.43799466666667,291.8592075953191,0.7949865741936405,0.2050134258063595,0
78,1000,0.0021802666666666665,73.83561643835617,0.44227005870841485,0.5577299412915852,0
42,15,17.101947733333333,303.87414634113856,0.7869908431794373,0.21300915682056265,0
38,50,4.5882496,93.3334888234168,0.7715746472612708,0.22842535273872921,0
36,27,11.004590933333333,170.80792439313367,0.7736419146859822,0.2263580853140178,0
26,50,4.2553216,93.11824203739538,0.7664900971683707,0.2335099028316293,0
82,1000,0.0016170666666666667,54.11609498680739,0.25857519788918204,0.741424802110818,0
62,42,6.8048128000000005,117.77049599393382,0.7698425835706556,0.2301574164293444,0
86,5,18.28288,284.0010387266445,0.7682843840795324,0.23171561592046763,0
80,20,16.2644864,272.4433277286881,0.7854757713099382,0.21452422869006182,0
22,75,2.108612266666667,69.62899053744515,0.8487614476554312,0.15123855234456884,0
24,200,0.5949952000000001,71.69652640335026,0.7576370363996213,0.24236296360037868,0
56,22,15.413213866666666,279.01794364792954,0.7906408686351064,0.2093591313648936,0
72,15,17.302242133333333,296.6920466533406,0.7819064004776075,0.2180935995223925,0
92,200,0.7669504,70.49440346250988,0.8347129966509785,0.16528700334902147,0
88,42,7.710280533333333,127.6185322637742,0.7624687551359999,0.23753124486400012,0
24,37,6.791377066666667,123.58223346082967,0.7700230378412406,0.2299769621587594,0
100,45,7.136123733333333,127.86273720405201,0.8466998180599559,0.15330018194004413,0
32,22,13.540450133333334,217.1532574210168,0.7565931830764543,0.2434068169235457,0
4,5,17.808174933333333,334.8430317174057,0.8565979944851095,0.14340200551489046,0
8,25,10.548296533333334,142.51559371179172,0.7970736861094943,0.20292631389050575,0
32,40,6.062263466666667,110.44455207190781,0.7424198169678142,0.25758018303218577,0
48,27,11.508471466666666,157.37242517800587,0.7480730716442899,0.25192692835571007,0
18,75,2.0563925333333333,80.56232292793489,0.847338095761743,0.15266190423825698,0
98,15,17.920887466666667,247.0577879166832,0.8405752762720322,0.1594247237279678,0
62,20,16.34036053333333,294.2829604954478,0.8036872691115816,0.19631273088841839,0
4,40,5.406020266666667,96.91859783530307,0.8124520534538876,0.1875479465461124,0
100,10,17.893623466666668,240.46686301314975,0.8571897969821294,0.14281020301787062,0
14,40,5.6915455999999995,98.23711366095078,0.7710171849746169,0.2289828150253831,0
0,50,3.6906965333333335,79.11688623810417,0.8796055985674104,0.12039440143258962,0
26,32,8.283012266666667,124.13690551733468,0.7160144251547006,0.2839855748452994,0
30,25,11.642321066666666,156.069249807754,0.74299447826028,0.25700552173972,0
26,40,6.0515328,103.87681436245427,0.7302669058215026,0.26973309417849745,0
38,1000,0.0022101333333333336,75.39189189189189,0.44787644787644787,0.5521235521235521,0
14,35,6.9005568,112.07164978438682,0.7613468717963938,0.23865312820360618,0
52,5,18.438037333333334,312.7226007118985,0.7982869037109372,0.20171309628906275,0
52,30,10.0081792,154.0767271935354,0.750624449250469,0.249375550749531,0
4,25,10.351637333333333,156.53863219049177,0.8133362735015961,0.1866637264984039,0
34,20,15.553834666666667,278.753010599368,0.7966522467857016,0.20334775321429843,0
96,10,18.315498666666667,257.8849203126032,0.8410951628289455,0.15890483717105452,0
12,22,12.5964672,183.021787695925,0.7726671808425778,0.2273328191574222,0
68,37,7.893666133333333,131.2971101718416,0.7552713993680267,0.24472860063197333,0
28,2,18.6113152,332.2415356520784,0.7946429492527213,0.20535705074727872,0
92,75,3.0765610666666667,80.09360694731173,0.8633417883725413,0.13665821162745873,0
6,22,12.260343466666667,175.62710306812437,0.8117537457569433,0.18824625424305674,0
78,50,5.5714559999999995,110.36601051084408,0.7830136084116373,0.21698639158836275,0
68,45,5.9272192,117.0879106033427,0.7650022459098527,0.23499775409014734,0
94,200,0.7685930666666667,69.26350762466761,0.8479563004124593,0.15204369958754071,0
52,22,14.793365333333334,264.3085351917001,0.7889625475348229,0.21103745246517713,0
22,2,17.9345408,317.5343488681106,0.7965003635145577,0.20349963648544234,0
38,45,5.469077333333333,104.80550021901841,0.7617713944680005,0.23822860553199954,0
54,27,11.5995648,181.73545098028612,0.7507580974072406,0.24924190259275936,0
84,30,11.603724799999998,186.00508434587707,0.7650314032496416,0.23496859675035842,0
88,37,9.170773333333333,140.5448844958577,0.7586475295431283,0.2413524704568717,0
54,50,4.7994368000000005,114.8545271061236,0.757953822137353,0.24204617786264704,0
74,42,7.002973866666666,124.86092350261052,0.741693586023949,0.25830641397605103,0
70,37,8.199620266666667,122.7918149019736,0.7568168360056738,0.24318316399432616,0
94,1000,0.0020949333333333334,62.59877800407332,0.3971486761710794,0.6028513238289206,0
40,42,6.162094933333334,114.24829725422929,0.7575923962828919,0.24240760371710812,0
100,200,0.7660885333333334,68.25999710390305,0.9145540010693282,0.08544599893067184,0
88,1000,0.002176,64.71372549019608,0.38235294117647056,0.6176470588235294,0
8,2,18.28506026666667,344.1230675618575,0.8392954854685303,0.16070451453146972,0
64,32,9.8889472,152.84641204610605,0.7765866657002004,0.2234133342997996,0
76,22,15.698555733333333,270.0605845922626,0.8015010264043992,0.19849897359560076,0
32,2,18.55515306666667,327.2588157422226,0.7839851970537594,0.21601480294624065,0
26,25,11.4126208,161.77331927901338,0.7173588033346381,0.2826411966653619,0
66,15,17.2997888,305.68550321782044,0.8168924081508633,0.18310759184913672,0
64,25,13.482816,212.8099117981587,0.7898915676566873,0.21010843234331267,0
72,27,12.260983466666666,187.97252383713894,0.7615444790421162,0.2384555209578838,0
32,200,0.5325354666666666,69.16369288455529,0.756571831459864,0.24342816854013605,0
2,42,4.8676309333333325,105.77016554771839,0.8314310983642912,0.1685689016357088,0
10,15,16.611694933333332,316.08100888541327,0.8283431354771167,0.1716568645228833,0
100,32,11.345429333333334,166.53801656001596,0.8473508744549347,0.15264912554506527,0
54,42,6.3040682666666665,129.284143927024,0.7480318318041903,0.2519681681958097,0
6,10,17.691072,331.9694437493224,0.8469589481820736,0.15304105181792638,0
0,27,9.330577066666667,139.38562276411562,0.863309576222281,0.136690423777719,0
46,50,4.795016533333333,103.09107873907236,0.7618825589589903,0.23811744104100974,0
72,50,5.1444352,110.97832896859182,0.773252983469724,0.22674701653027596,0
80,32,10.669841066666667,159.53919046950892,0.7694126228034537,0.23058737719654632,0
98,5,18.573239466666667,255.15455015427983,0.8403529620135338,0.15964703798646618,0
66,75,2.657992533333333,74.09091406006718,0.825924968738312,0.174075031261688,0
56,37,7.964014933333333,127.88690596173204,0.7480040887919313,0.25199591120806875,0
58,30,10.4864512,157.7465682069776,0.7539704820889899,0.24602951791101013,0
74,32,10.140676266666667,153.68542655309594,0.734379845173245,0.26562015482675505,0
70,15,17.371831466666666,297.1442283337856,0.7926888783386462,0.2073111216613538,0
70,32,9.935253333333332,140.66103400187237,0.7563333798567794,0.2436666201432206,0
10,25,10.649826133333333,149.61042478633325,0.7859043858443711,0.21409561415562894,0
6,200,0.5574442666666667,64.56470291080818,0.8219837582567298,0.17801624174327024,0
38,42,6.08128,111.21767663550264,0.7582972005893496,0.24170279941065043,0
62,15,17.600853333333333,307.95810161986833,0.8065759235915835,0.19342407640841652,0
8,200,0.5616512,68.6128747996384,0.8053966589940518,0.19460334100594823,0
56,75,2.5874048,85.7821178262555,0.8154011308937821,0.18459886910621792,0
4,75,1.9813375999999998,65.21746514397198,0.8903001016417731,0.10969989835822691,0
78,5,17.860612266666667,289.2604714333238,0.7983096839263263,0.20169031607367371,0
40,15,17.357533866666667,308.1291763710491,0.7977487185890862,0.20225128141091375,0
30,50,4.3596970666666675,87.39510596055985,0.7684497222559317,0.23155027774406833,0
80,1000,0.0021162666666666666,74.31653225806451,0.43548387096774194,0.564516129032258,0
64,75,2.7918719999999997,89.32022288312758,0.8165295066058424,0.18347049339415755,0
86,200,0.7800362666666667,59.7313656527423,0.8079815776086993,0.19201842239130074,0
68,27,11.983133866666666,181.64386906990208,0.7620937089534197,0.23790629104658034,0
24,42,5.658888533333333,111.53739227133723,0.7757999309357899,0.22420006906421008,0
40,27,11.1584128,163.72528249508977,0.7559360413696112,0.24406395863038877,0
16,32,7.904849066666667,116.0362001753392,0.7646001859989129,0.23539981400108712,0
96,22,16.464072533333333,241.36061507962717,0.8415594929675723,0.15844050703242774,0
26,200,0.5990016,69.33663838850069,0.7690236553625233,0.23097634463747674,0
18,10,17.85333333333333,345.40952403943464,0.7899703061986557,0.21002969380134429,0
18,2,18.343095466666668,353.3422793706191,0.7896046276914832,0.2103953723085168,0
88,50,5.999795199999999,112.10230996486332,0.7728093118911792,0.22719068810882082,0
10,27,9.644898133333333,137.12376092530127,0.7822132311858805,0.2177867688141195,0
72,25,13.494685866666668,217.0119271429789,0.7694115720258238,0.23058842797417622,0
92,2,18.840780799999997,285.12915316207113,0.8149912767946432,0.18500872320535677,0
98,10,18.392563199999998,255.04777152595778,0.8402524197026183,0.15974758029738167,0
88,75,3.0148608,78.81286917614065,0.8413873038516405,0.1586126961483595,0
98,30,12.188885333333333,174.45495495654538,0.8304035676655803,0.16959643233441968,0
76,5,18.11825066666667,295.01637723114226,0.8015495241336029,0.19845047586639708,0
48,30,10.0468736,140.96937491490522,0.7433308871992444,0.25666911280075555,0
36,50,4.634568533333333,103.41684795265779,0.7861211330596644,0.21387886694033564,0
2,15,16.145962666666666,312.98343811523705,0.8734845582036938,0.12651544179630625,0
90,5,18.540219733333334,279.44775136748893,0.7964223480472522,0.2035776519527478,0
0,32,7.3867519999999995,116.9919798704955,0.8533163515800539,0.14668364841994608,0
60,400,0.1680256,144.97163606815468,0.7217439882176684,0.2782560117823316,0
74,30,11.027566933333333,162.79338504610217,0.7351676438702368,0.2648323561297632,0
48,75,2.3579648,76.77023828803628,0.8286576627437356,0.17134233725626435,0
12,30,8.474973866666666,119.24166570572808,0.7609335243731883,0.23906647562681171,0
52,32,9.1811072,146.9398668530505,0.7503129905726403,0.24968700942735966,0
90,20,16.781380266666666,263.0577394721774,0.7961527391882711,0.20384726081172888,0
14,25,10.8201728,153.8071273525897,0.7577893025885871,0.24221069741141288,0
70,30,10.806173866666667,150.09206160319934,0.7556205894348988,0.24437941056510115,0
8,22,12.364185599999999,175.81915197282646,0.8084618421343227,0.1915381578656773,0
94,20,16.7267968,252.0695563293207,0.8209217917921978,0.17907820820780218,0
12,200,0.5664170666666666,68.24866294047636,0.7801422179369359,0.21985778206306406,0
98,2,18.665254400000002,254.93752996003175,0.8402697438366195,0.15973025616338055,0
72,32,9.8278912,152.74197779975992,0.7545706109024352,0.24542938909756484,0
16,20,14.3723776,241.94787298277186,0.7917412541865493,0.20825874581345072,0
38,5,18.434926933333333,314.60427037826685,0.7969049359291557,0.20309506407084432,0
66,5,18.249070933333332,319.4168237684597,0.817513442437749,0.18248655756225096,0
84,20,16.188599466666666,264.60041167352085,0.7787893794823313,0.2212106205176687,0
70,400,0.16936106666666667,140.1123595505618,0.7260039300649972,0.2739960699350028,0
36,32,8.782143999999999,139.08711876355275,0.7673533934310346,0.2326466065689654,0
2,45,4.347694933333333,101.10336939627354,0.840312622977043,0.159687377022957,0
92,42,7.822011733333333,127.78038118424504,0.803909268831234,0.19609073116876596,0
52,35,8.132258133333334,138.75826882075955,0.7474866185588862,0.2525133814411138,0
22,1000,0.0022186666666666665,74.72884615384615,0.4307692307692308,0.5692307692307692,0
40,22,14.339959466666667,233.58448135433602,0.778243389920879,0.22175661007912095,0
82,37,8.572104533333334,145.65029561583654,0.7536478012151788,0.24635219878482117,0
88,2,18.199940266666665,269.6065163595826,0.7771592393211664,0.22284076067883363,0
56,25,13.2656512,210.58868476804778,0.7688580464611241,0.2311419535388759,0
64,27,12.257753600000001,187.9059168770393,0.78427977754967,0.21572022245032996,0
82,200,0.5864533333333334,102.14456165878501,0.829508912331757,0.17049108766824295,0
50,15,17.382216533333334,292.07755916228825,0.8292812123446566,0.17071878765534343,0
0,200,0.5698730666666667,54.58440897247761,0.8779087179180018,0.12209128208199815,0
82,30,11.331242666666666,180.10854443186565,0.7574336536434015,0.24256634635659846,0
16,30,8.628667733333334,121.73389395707719,0.7641588176887809,0.2358411823112191,0
50,2,18.980061866666667,315.3653843274687,0.832630317242942,0.167369682757058,0
22,25,11.3675776,178.11945535070285,0.7637943666497015,0.23620563335029854,0
100,42,7.9044352,133.19424485685047,0.8461461231284432,0.15385387687155683,0
46,400,0.16035413333333332,148.64832504057685,0.6778862783705398,0.32211372162946017,0
48,22,14.792725333333333,239.63558336972673,0.7818392896544464,0.21816071034555362,0
20,1000,0.0023765333333333333,81.87612208258528,0.4506283662477558,0.5493716337522442,0
28,1000,0.0021845333333333334,78.28125,0.439453125,0.560546875,0
80,50,5.750779733333333,113.50993751709073,0.7877550657014674,0.21224493429853264,0
86,37,9.1278208,143.63516109512577,0.7591791460235503,0.2408208539764497,0
12,45,4.687692800000001,86.76520601241154,0.7888243871270746,0.2111756128729254,0
46,75,2.3603968,80.90577584378947,0.8270067134475018,0.17299328655249824,0
56,1000,0.002176,73.56862745098039,0.4411764705882353,0.5588235294117647,0
6,30,8.239163733333333,121.53195294125007,0.7955940123890891,0.2044059876109109,0
84,42,7.3911808,146.9496322106315,0.7653985319007937,0.23460146809920635,0
82,75,2.670929066666667,88.25556409785466,0.8418064565598348,0.15819354344016523,0
98,32,11.247739733333333,163.21731330881278,0.8287744164018589,0.1712255835981411,0
90,2,18.6347392,279.65803098880247,0.7959087508989662,0.20409124910103382,0
100,50,6.099643733333334,114.58190667633481,0.8458496198947401,0.15415038010525994,0
40,5,18.611050666666667,327.6005969720548,0.7989080609312547,0.20109193906874534,0
0,42,4.951069866666667,92.48587008255721,0.8570527409779499,0.14294725902205008,0
86,1000,0.0020053333333333334,62.56170212765957,0.3851063829787234,0.6148936170212767,0
22,200,0.5893418666666667,75.1864443591767,0.7620305950321081,0.23796940496789187,0
80,75,2.9113002666666667,84.03775035974897,0.8416762416170332,0.15832375838296675,0
28,42,5.699234133333333,96.76790093557037,0.7467415504904331,0.2532584495095669,0
62,1000,0.0022485333333333336,75.61100569259962,0.45161290322580644,0.5483870967741935,0
24,32,8.299191466666667,132.39843332097462,0.7638838263698491,0.23611617363015092,0
94,45,7.138077866666666,125.2948984754205,0.804528068658035,0.19547193134196506,0
24,45,5.0897152000000006,108.78698050279483,0.7812821170557179,0.21871788294428207,0
94,5,18.481143466666666,269.6862309418849,0.8214062598839483,0.17859374011605167,0
66,20,16.204808533333335,297.38571979564034,0.8153647628410938,0.18463523715890617,0
64,40,7.301525333333334,129.24694518453038,0.7781954601632097,0.22180453983679027,0
76,35,9.167816533333333,137.5774269345486,0.7761490980389602,0.22385090196103985,0
44,75,2.2205440000000003,96.80209535977245,0.8300764737529782,0.16992352624702178,0
42,42,6.149576533333333,112.31108855340663,0.7497597666562363,0.25024023334376366,0
98,75,3.072704,79.48599010508467,0.8730374289225385,0.12696257107746145,0
40,50,4.709879466666667,104.97846246881203,0.77320048048788,0.22679951951211996,0
6,20,13.780770133333334,219.91815163470574,0.8254572632689633,0.1745427367310367,0
18,35,6.952081066666667,127.07800163813995,0.7587643013292058,0.2412356986707942,0
6,37,6.147793066666667,102.01454863913588,0.8014281460959172,0.19857185390408283,0
64,37,8.1488128,136.40187449307578,0.7756181284877882,0.22438187151221178,0
50,27,11.502613333333333,186.7432765397308,0.7863423500282835,0.21365764997171655,0
74,25,13.830707199999999,218.2217066596268,0.7490301002106385,0.25096989978936146,0
74,10,18.383654399999998,323.1646424446348,0.7678204104330131,0.23217958956698692,0
64,50,5.266589866666667,110.96515455722134,0.7914752377148588,0.20852476228514116,0
12,15,16.409160533333335,312.2428661288619,0.8030308664012583,0.19696913359874169,0
74,50,5.415982933333334,111.02267855807119,0.7576689557268915,0.24233104427310848,0
34,42,5.891310933333333,99.8440423192363,0.7645345805547026,0.23546541944529742,0
28,200,0.604352,70.70178968548132,0.7652017367362067,0.23479826326379327,0
54,200,0.5780053333333333,77.03260500479811,0.7584409832435226,0.2415590167564774,0
10,1000,0.002048,55.53541666666667,0.3416666666666667,0.6583333333333333,0
76,30,11.199509333333333,160.01732191202709,0.7772793855730823,0.2227206144269177,0
14,10,17.830528,343.83924395760897,0.799480022876122,0.20051997712387803,0
48,45,5.729002666666666,104.41618850506569,0.7493600747727586,0.25063992522724143,0
0,1000,0.002184533333333333,56.763671875,0.35546875,0.64453125,0
60,75,2.5726421333333334,80.00079222182211,0.8243590402727862,0.17564095972721383,0
76,27,12.7608704,188.0238742649985,0.7847192199888392,0.2152807800111608,0
0,37,6.010056533333334,101.67324656306467,0.8488968179201154,0.1511031820798846,0
42,32,8.9839232,137.30931156494864,0.7399828173063634,0.2600171826936366,0
48,37,7.591816533333333,119.0245003347697,0.7422858690789578,0.25771413092104223,0
46,25,12.530875733333332,185.55362986309981,0.7518893917581796,0.2481106082418204,0
48,15,17.244893866666665,288.6888313182731,0.7963504621240387,0.2036495378759613,0
58,5,18.409472,327.9145423735456,0.7994409834241851,0.20055901657581487,0
4,27,9.388467200000001,142.03014791751903,0.8088039476064137,0.19119605239358628,0
34,5,18.424106666666667,323.9338251566007,0.7999025045447703,0.2000974954552297,0
100,35,10.099733333333333,154.3355528734,0.845882663568675,0.15411733643132497,0
94,10,18.308215466666667,269.7011889348253,0.8216657795360882,0.17833422046391179,0
2,50,3.6105301333333335,95.54310637815793,0.8593719348914819,0.1406280651085181,0
88,200,0.7557973333333333,70.23650220164842,0.8257479959354184,0.17425200406458163,0
48,50,4.8487168,98.47918278793736,0.7599606834809023,0.2400393165190977,0
46,40,6.723682133333334,119.8820668168336,0.7453097128367123,0.2546902871632877,0
6,45,4.5367424,90.92456464579635,0.8208020509753137,0.17919794902468633,0
8,50,3.8410069333333334,80.00301902297396,0.8299812493612786,0.1700187506387214,0
4,32,7.464448,119.39905721592102,0.8062384251320392,0.19376157486796075,0
50,25,12.650432,205.62090049792158,0.793935806566395,0.20606419343360505,0
48,35,8.199944533333333,122.61545362452662,0.7407696286205774,0.2592303713794226,0
70,200,0.6925696,77.04521288065007,0.7787593718619279,0.2212406281380721,0
74,1000,0.0021888000000000003,72.16179337231969,0.4502923976608187,0.5497076023391814,0
20,22,13.019656533333333,191.449466662502,0.7737482967292614,0.22625170327073862,0
40,40,6.596514133333333,117.95158361523777,0.7557439630337284,0.24425603696627163,0
80,40,7.925038933333333,131.78678434856997,0.7741391201072879,0.22586087989271209,0
90,45,7.069781333333333,125.3132178877688,0.7864150442371061,0.21358495576289394,0
64,400,0.16969386666666667,147.86394951221965,0.7318716685105099,0.2681283314894901,0
94,27,13.964526933333332,204.2749832104398,0.8184846877543588,0.1815153122456412,0
98,45,7.099400533333333,126.76741357168417,0.8286001387084251,0.17139986129157492,0
78,32,10.388761599999999,158.94643355192332,0.7745518644557853,0.22544813554421472,0
24,25,11.4888576,173.91321563068928,0.7679653255225887,0.23203467447741133,0
40,45,5.559624533333333,111.0370237252784,0.7631264499780129,0.23687355002198707,0
58,2,18.50528,327.6256053716883,0.7994892989100048,0.20051070108999525,0
76,32,10.304034133333333,149.7635337660385,0.7774520829744663,0.22254791702553367,0
60,20,15.952960000000001,285.4346417942321,0.7952216850874906,0.20477831491250942,0
88,25,15.004663466666667,240.9108236128552,0.7743006405404129,0.22569935945958708,0
70,75,2.6158378666666664,76.8077750159647,0.8337837859879593,0.16621621401204068,0
100,75,3.0684373333333337,79.20697340013113,0.8905564091689668,0.10944359083103317,0
54,400,0.1432832,148.92609135846584,0.6878685009826693,0.3121314990173307,0
70,20,16.19188906666667,286.3963735951718,0.7929825079170503,0.20701749208294973,0
42,27,11.182254933333333,163.96665380341818,0.7447586480828101,0.2552413519171899,0
4,42,5.010999466666666,92.8344755748192,0.8164226239789928,0.1835773760210072,0
36,30,9.5829632,150.62393532353815,0.76975094022414,0.23024905977585997,0
92,27,13.871227733333333,203.2764973246026,0.8106561257235697,0.1893438742764303,0
100,5,18.060616533333334,240.3679081640248,0.8573651941184378,0.1426348058815622,0
26,20,14.9802752,269.3465534445342,0.7525264867408221,0.24747351325917788,0
48,1000,0.0021802666666666665,66.10958904109589,0.42857142857142855,0.5714285714285714,0
6,35,6.642333866666666,109.58621149067116,0.8016298849496756,0.19837011505032442,0
0,10,17.433732266666667,315.8596891757752,0.9146178773484587,0.08538212265154133,0
46,15,17.373482666666668,301.5897786515889,0.7900503694826261,0.20994963051737392,0
30,1000,0.002184533333333333,79.05078125,0.4609375,0.5390625,0
76,25,14.033152000000001,219.71509701813716,0.7923594262120631,0.20764057378793688,0
42,10,18.2188928,331.41370862355683,0.7882105912971104,0.21178940870288965,0
74,22,15.744430933333334,288.0907312507155,0.7651931478298291,0.23480685217017094,0
78,27,12.8688512,198.0229916330734,0.7836885393468532,0.21631146065314677,0
64,45,6.1817344,117.2246419921471,0.780875649828415,0.21912435017158505,0
94,35,10.055470933333332,149.0105077804259,0.8090757148294411,0.19092428517055893,0
84,40,7.9226752000000005,149.72488241617762,0.761495241741914,0.23850475825808604,0
50,400,0.14243413333333332,123.13306173801037,0.6980199502740916,0.3019800497259084,0
90,50,6.079214933333334,112.8386417539359,0.7934484171991331,0.20655158280086694,0
48,400,0.15930026666666666,116.85801907006642,0.6671577030212128,0.3328422969787872,0
30,22,13.619933866666667,200.63640765546856,0.7574638835250732,0.2425361164749268,0
34,45,5.307780266666667,95.0496338100087,0.768756064054096,0.23124393594590398,0
78,45,6.503112533333333,119.94841094954745,0.7768039853900524,0.22319601460994765,0
34,35,7.645405866666667,117.50424038480342,0.7566337703388374,0.24336622966116261,0
78,30,11.295048533333333,169.9379412499125,0.7764748456621653,0.2235251543378347,0
26,37,6.758545066666667,114.78503641032638,0.7268152072493393,0.27318479275066065,0
52,200,0.5738538666666667,72.3427213989903,0.7498457214659063,0.25015427853409367,0
36,400,0.16094293333333334,72.51257919991517,0.617931656106678,0.382068343893322,0
10,2,18.294045866666668,344.8328381927009,0.8281055874908196,0.17189441250918036,0
88,45,6.985378133333334,123.1394578610781,0.7668730355155576,0.23312696448444237,0
76,20,16.207261866666666,274.901206857387,0.8019790042429047,0.1980209957570953,0
100,27,13.988053333333333,203.61241005904685,0.8505119797465266,0.1494880202534734,0
18,5,18.236842666666668,353.2959968916947,0.7899241038214803,0.21007589617851974,0
52,42,6.239560533333333,124.48284331070866,0.7541652506125218,0.24583474938747818,0
64,30,10.759769599999998,162.56494890146595,0.7765079281995034,0.22349207180049657,0
26,400,0.14820693333333335,118.66901773376324,0.6965396130815292,0.30346038691847077,0
16,400,0.14292053333333332,119.66722393050124,0.7112278711526405,0.2887721288473595,0
64,20,16.2475392,286.4198393828158,0.810649479768604,0.18935052023139598,0
82,2,18.1286016,283.0300268012925,0.7681962187309582,0.23180378126904178,0
80,30,11.621073066666668,174.6420086442702,0.7707399780224541,0.2292600219775459,0
82,22,15.492676266666667,264.42226432885343,0.769823215910568,0.23017678408943198,0
0,35,6.497352533333333,107.17484003778063,0.8507969112506624,0.14920308874933763,0
2,1000,0.0021802666666666665,88.95890410958904,0.4344422700587084,0.5655577299412916,0
68,20,16.058530133333335,289.2776314756158,0.789109864235312,0.21089013576468796,0
96,200,0.7730133333333333,68.99884089968263,0.8682820477438941,0.13171795225610594,0
0,20,13.539319466666667,225.6058491960572,0.8972031445086123,0.10279685549138773,0
84,5,18.000516266666665,275.6488990252915,0.7796467348729079,0.22035326512709208,0
2,5,17.855368533333333,340.10785335516096,0.874426383537578,0.12557361646242204,0
0,2,17.8953728,329.67443226493543,0.9143885358640493,0.08561146413595067,0
6,2,18.136814933333333,345.10098634188535,0.8472599143317424,0.15274008566825759,0
44,15,17.186495999999998,310.1593901566651,0.7872547376731126,0.2127452623268874,0
62,5,18.6372224,326.9645501361027,0.8072921424171018,0.1927078575828982,0
52,25,12.636241066666667,194.82980259050368,0.7640834286922119,0.2359165713077881,0
78,2,17.959428266666666,288.80199161158157,0.7980840251247197,0.20191597487528035,0
46,22,14.650065066666667,240.4925107189016,0.7720002481354167,0.22799975186458332,0
4,37,6.083929599999999,103.45297193842097,0.8089620673235053,0.19103793267649471,0
40,35,7.9554176000000005,128.28742871385978,0.7526745044785581,0.2473254955214419,0
46,30,9.954726399999998,149.45841890450149,0.7402597959230033,0.2597402040769967,0
100,30,12.287739733333332,178.8872413218203,0.8491509716004402,0.15084902839955983,0
86,10,18.1209472,284.3890577713537,0.7682287454230502,0.2317712545769498,0
96,2,18.577937066666667,256.706811806632,0.8408464555174723,0.15915354448252772,0
58,27,11.994824533333333,178.87649903039247,0.760320451095886,0.23967954890411403,0
52,50,4.741683200000001,113.83754149688338,0.7633983364107215,0.23660166358927848,0
24,35,7.3387136,126.24090911590254,0.7679026471342334,0.2320973528657666,0
66,37,8.284334933333334,134.36132050246087,0.7780681392698239,0.22193186073017612,0
56,200,0.7025621333333334,59.777952545502025,0.7482312359182087,0.2517687640817913,0
20,30,8.786466133333333,125.1071712635247,0.7587819910184294,0.24121800898157064,0
78,10,17.684134399999998,288.6250823446853,0.7986548665904734,0.20134513340952664,0
4,1000,0.0022144,57.85741811175337,0.3063583815028902,0.6936416184971098,0
78,25,14.154641066666667,230.81783097958848,0.792302864752732,0.20769713524726796,0
54,37,7.6020608,138.39744273345997,0.7436956042235284,0.25630439577647157,0
30,37,6.9126656,107.73146231647739,0.7420328659709312,0.2579671340290688,0
90,40,8.350664533333333,135.30591538622375,0.7833589738742389,0.21664102612576108,0
82,45,6.433032533333334,126.03948662453162,0.762515072207314,0.23748492779268604,0
68,1000,0.0021888,68.57115009746589,0.4269005847953216,0.5730994152046784,0
14,45,4.7342933333333335,91.0138297970416,0.7841952054794521,0.2158047945205479,0
26,30,9.0316416,129.97654073359948,0.7139788481715956,0.2860211518284044,0
62,40,7.298436266666666,122.00796646210327,0.7673846920121994,0.2326153079878006,0
38,400,0.1566464,128.14139020537124,0.7013673258157651,0.2986326741842349,0
82,25,14.277367466666668,241.25978274400882,0.7665753806191872,0.23342461938081283,0
28,35,7.4070442666666665,111.6855851088677,0.7367153487332563,0.2632846512667437,0
84,25,14.5359616,245.46413430504518,0.7770819280828773,0.22291807191712265,0
34,22,13.898432,214.30914275217927,0.7784027051876548,0.22159729481234525,0
68,42,6.550135466666667,122.08411693273615,0.7615901114391201,0.23840988856087986,0
68,25,13.210875733333333,209.62914188140607,0.769740906805189,0.23025909319481097,0
22,27,10.270007466666666,160.75227787146838,0.7614540390597054,0.23854596094029457,0
56,2,18.352661333333334,317.99326266893013,0.795692802700513,0.204307197299487,0
58,25,13.175863466666666,203.6710945629489,0.7684593695850481,0.23154063041495188,0
10,20,14.036663466666667,227.812656882229,0.8096681209407257,0.1903318790592743,0
86,45,6.950540800000001,128.554796323853,0.7691206992123548,0.23087930078764518,0
92,10,18.542903466666665,284.42964207567104,0.8152838718332036,0.1847161281667964,0
20,75,2.0921557333333336,68.69452453752298,0.8577441781261917,0.14225582187380825,0
74,2,18.651067733333335,322.8559054294599,0.7673550743203921,0.23264492567960793,0
4,400,0.1376426666666667,97.93605083694979,0.7667079975201488,0.23329200247985116,0
14,2,18.186065066666664,353.2114051117825,0.7988717046123989,0.20112829538760113,0
80,27,13.261576533333333,209.02872816824186,0.7761829905713372,0.22381700942866278,0
24,22,13.4224768,213.3295345515021,0.7798590098264626,0.2201409901735374,0
82,27,12.9771136,209.1843081054011,0.762317479700057,0.23768252029994297,0
20,25,11.114461866666666,154.11809170063705,0.7644701322711512,0.23552986772884876,0
44,20,15.792977066666666,295.98438790573823,0.7852777227697361,0.21472227723026394,0
72,35,8.720938666666665,140.63754842985458,0.7541005983453769,0.2458994016546231,0
70,40,7.349247999999999,116.60011323062254,0.76263468951744,0.23736531048256004,0
56,45,6.037474133333333,111.58292916802114,0.757365375931162,0.24263462406883796,0
6,27,9.459707733333333,136.10236240830363,0.7970902779688416,0.20290972203115842,0
26,27,10.345122133333334,148.1335440128706,0.7151488180916079,0.2848511819083921,0
18,1000,0.0021504000000000002,65.26190476190476,0.4365079365079365,0.5634920634920635,0
4,20,13.6548608,230.90995473519206,0.8388492787369413,0.16115072126305874,0
54,32,9.2798848,154.10782833476944,0.7434285391128993,0.2565714608871007,0
54,25,12.7654912,205.48535422189042,0.7599621914013514,0.24003780859864865,0
68,35,8.5340032,135.62039388740365,0.7535053498300384,0.24649465016996164,0
84,10,17.8276864,275.24171100789266,0.7793617310507175,0.2206382689492825,0
22,30,8.945954133333334,143.28840047857955,0.7597934476331468,0.24020655236685318,0
44,25,12.232098133333334,185.07533400908795,0.7440097275870994,0.2559902724129006,0
40,2,18.703522133333333,327.38354467819954,0.7986033518278653,0.20139664817213465,0
8,1000,0.0022442666666666663,54.366920152091254,0.3403041825095057,0.6596958174904943,0
42,45,5.5371776,108.58021335264462,0.7557321140165946,0.24426788598340543,0
62,25,13.480277333333333,209.35071318082973,0.7825734940369179,0.2174265059630821,0
32,25,11.565597866666668,168.79509230302364,0.7378623942934024,0.2621376057065976,0
12,25,10.735825066666667,147.12423185678463,0.7631961414969901,0.2368038585030099,0
100,400,0.18560853333333333,118.05870994437038,0.8662590225736748,0.13374097742632518,0
62,2,18.720921599999997,325.0140828818187,0.8063113018253688,0.1936886981746312,0
24,75,2.1131989333333334,69.68245354147298,0.8488312695217463,0.15116873047825374,0
12,20,14.141990400000001,236.84186428285605,0.7869543455495487,0.21304565445045132,0
84,1000,0.0020096000000000003,69.15074309978769,0.3375796178343949,0.6624203821656052,0
72,400,0.1506432,120.50222335514204,0.7441300591950605,0.2558699408049395,0
16,37,6.4462976,102.48923179989046,0.770047476554604,0.22995252344539596,0
6,15,16.440968533333333,312.0584310723786,0.846048064127025,0.15395193587297495,0
90,32,11.202440533333334,165.2498260551694,0.7821046232973234,0.21789537670267656,0
80,10,17.872836266666667,289.96588445177775,0.7854529516494125,0.21454704835058747,0
58,10,18.2343552,327.62077192636497,0.799990265993429,0.20000973400657096,0
30,40,6.193570133333333,99.9609987842745,0.7472606429515203,0.2527393570484797,0
8,45,4.589422933333333,85.54212890340492,0.8145440042541877,0.18545599574581229,0
82,35,9.250897066666667,152.0319954155704,0.7541817349951272,0.2458182650048728,0
88,32,11.083541333333333,160.8222359178226,0.760266081021517,0.23973391897848295,0
26,35,7.315729066666666,117.78997959793841,0.7218766330110858,0.27812336698891416,0
36,25,12.087270400000001,189.989295126788,0.7806469854434629,0.2193530145565371,0
46,45,5.6680703999999995,108.1103426843172,0.7496571202314871,0.2503428797685129,0
40,200,0.6321962666666667,78.94407812594908,0.7604524502095552,0.2395475497904448,0
60,50,5.1674624,106.26673765559828,0.7761674279429687,0.22383257205703133,0
38,22,14.238523733333334,225.23566868936504,0.7801162307762842,0.21988376922371577,0
84,400,0.16243200000000002,68.65988967691095,0.6913842920935119,0.30861570790648807,0
2,200,0.47599786666666666,65.4138774851652,0.8576755526075187,0.1423244473924813,0
0,22,12.076215466666667,184.8313811844078,0.8833121405275578,0.1166878594724422,0
10,22,12.4962816,182.77592112013036,0.7965430399178371,0.20345696008216285,0
72,2,18.487662933333333,308.2714726817592,0.7793815251442057,0.22061847485579433,0
32,32,8.358950400000001,129.90704535247085,0.7321646507197841,0.2678353492802159,0
28,30,9.131775999999999,126.2145272946576,0.7337365553717773,0.2662634446282227,0
86,35,9.788996266666667,152.706004536076,0.7584670853281356,0.24153291467186444,0
34,15,17.009134933333335,296.2282906110032,0.7984059263778196,0.2015940736221804,0
70,27,12.333640533333334,174.253658332653,0.7625209421810726,0.23747905781892742,0
12,5,18.051805866666665,344.75254583889665,0.8035754635192768,0.19642453648072322,0
82,400,0.018094933333333334,143.39212449893893,0.6793209148785664,0.3206790851214336,0
32,50,4.227733333333333,98.82229213805125,0.7688800302762709,0.23111996972372906,0
56,50,5.134737066666666,106.17968960258365,0.7630678031731998,0.23693219682680022,0
18,200,0.5036544000000001,64.74306190911864,0.773228626613805,0.22677137338619502,0
68,200,0.5949013333333333,70.00618948576347,0.7778311697626049,0.2221688302373951,0
48,5,18.5535232,312.7008041402578,0.7985908645821691,0.2014091354178309,0
14,5,18.095428266666666,353.42676360988486,0.7990941535199697,0.2009058464800303,0
54,15,17.154888533333335,302.58889840949314,0.7897851530973515,0.21021484690264847,0
30,42,5.757973333333333,96.99428412270896,0.7505537133435839,0.2494462866564161,0
62,45,6.167296,110.23094037319329,0.7708743237446902,0.22912567625530977,0
20,5,18.4687744,338.5168464999617,0.8026929605031073,0.19730703949689266,0
74,400,0.17219413333333333,140.3492492194856,0.7388374052232519,0.2611625947767481,0
58,45,6.011886933333333,114.25654193262208,0.7599770339437744,0.24002296605622564,0
6,1000,0.0022485333333333336,65.69449715370018,0.40417457305502846,0.5958254269449715,0
30,35,7.4769152000000005,111.68156015092706,0.740313581016228,0.259686418983772,0
26,5,18.396928,355.629941000382,0.7686554044965188,0.2313445955034812,0
14,1000,0.0021632,78.17554240631164,0.4556213017751479,0.5443786982248521,0
58,200,0.6740821333333333,83.65357495505988,0.7661784439324506,0.2338215560675494,0
92,35,9.988066133333334,147.44937700682686,0.8021053818679829,0.19789461813201714,0
64,1000,0.002231466666666667,57.31548757170172,0.35181644359464626,0.6481835564053537,0
30,200,0.6084522666666666,69.89466782603817,0.7606482195700041,0.23935178042999594,0
30,2,18.468599466666667,328.5578642955255,0.7870473860006681,0.21295261399933185,0
2,75,1.8702976000000002,73.27823739560957,0.9219164550782364,0.07808354492176361,0
8,30,8.319069866666666,116.3555537981001,0.7904150310137236,0.20958496898627643,0
74,45,6.3528362666666665,117.50215278413943,0.746233913117064,0.253766086882936,0
18,37,6.416802133333333,121.45030242244066,0.7616111834397429,0.23838881656025712,0
94,40,8.431044266666667,133.58581159144848,0.8051346490380187,0.19486535096198132,0
10,37,6.279517866666667,99.32624713221213,0.7841444472679686,0.21585555273203139,0
48,40,6.787161599999999,113.02374448413532,0.7459416712085751,0.25405832879142487,0
16,75,2.042372266666667,66.40827763149011,0.8667964677937917,0.13320353220620829,0
38,32,8.906175999999999,139.1958949590639,0.7564584396266142,0.2435415603733858,0
10,50,3.891554133333333,76.78630932278348,0.815970695649409,0.18402930435059095,0
24,20,15.035008000000001,262.30679005041856,0.79394494059021,0.20605505940978996,0
34,50,4.475008,87.97191957958238,0.7804696661994794,0.21953033380052056,0
70,5,18.385454933333335,315.7655709770194,0.7954775148633436,0.20452248513665638,0
80,400,0.18458026666666666,71.32241510829616,0.6724070178682878,0.3275929821317122,0
38,27,11.078647466666666,162.34980132835366,0.7586836111498376,0.24131638885016238,0
26,42,5.6244352,101.35614533856034,0.7368875011663394,0.2631124988336606,0
92,37,9.2952192,140.4176127656692,0.8019133678238952,0.19808663217610478,0
16,5,18.007927466666665,331.3096114627949,0.8031084620983517,0.19689153790164826,0
6,42,5.069077333333333,93.62963347863757,0.8124235626838598,0.18757643731614015,0
38,2,18.554624,315.82063136178976,0.7971743539507995,0.2028256460492005,0
16,27,9.895163733333334,137.77691350698103,0.765486407043182,0.23451359295681795,0
4,10,17.42978133333333,321.5114678025906,0.8563165451071637,0.1436834548928363,0
18,22,12.7888384,215.18573412293446,0.7629616358798206,0.23703836412017942,0
22,400,0.14504533333333333,138.03938814531548,0.697396675981762,0.302603324018238,0
40,1000,0.002589866666666667,78.12026359143327,0.45799011532125206,0.542009884678748,0
98,20,16.86368853333333,238.4716572502304,0.8393518716474713,0.16064812835252873,0
30,27,10.557772799999999,141.4326007222175,0.740142769505326,0.259857230494674,0
72,1000,0.0022357333333333333,65.24809160305344,0.4122137404580153,0.5877862595419847,0
6,32,7.5393664000000005,116.09901288327859,0.7968533801461088,0.20314661985389115,0
80,37,8.8144128,138.94423506395424,0.7704428819126783,0.2295571180873217,0
46,37,7.5180544000000005,124.37074599624204,0.7400694874815839,0.25993051251841615,0
30,75,2.1722794666666667,70.74932751307172,0.8364576295155639,0.1635423704844361,0
94,400,0.1848576,121.68386188431889,0.8204542307159673,0.17954576928403265,0
58,400,0.16462506666666665,170.70658822309767,0.7285403275969313,0.2714596724030687,0
78,42,7.191432533333334,128.1422720171245,0.7743554997591208,0.22564450024087923,0
42,2,18.5384832,331.6429885611865,0.7875382886412915,0.2124617113587085,0
12,42,5.2303232,91.18237522822952,0.7796969793377204,0.22030302066227958,0
14,50,3.9680256000000003,85.54020156687054,0.8045743790900274,0.19542562090997262,0
46,20,16.06752853333333,290.5981376672987,0.7890038496192204,0.21099615038077957,0
2,25,10.174604800000001,163.4511866444398,0.824451402770946,0.17554859722905403,0
72,45,6.071808,118.20651042789146,0.7644299688000674,0.23557003119993258,0
70,1000,0.0021546666666666667,74.6990099009901,0.42178217821782177,0.5782178217821783,0
28,37,6.853316266666667,107.70799608186833,0.7374287624685135,0.2625712375314865,0
34,200,0.6165887999999999,71.4721166953838,0.783486606741262,0.21651339325873797,0
58,15,17.302562133333332,306.40436111851767,0.7977428483501049,0.2022571516498951,0
24,15,16.913787733333333,302.0716298727393,0.802421390208137,0.19757860979186304,0
20,45,4.895296,92.5008662891044,0.7854026940692997,0.21459730593070026,0
56,42,6.670519466666667,116.97751968427512,0.7523671119986337,0.2476328880013663,0
18,32,7.887991466666667,135.4803476305079,0.7549217091783196,0.24507829082168042,0
46,42,6.270250666666667,112.37259846468925,0.7460046679686171,0.2539953320313829,0
22,32,8.203869866666667,134.96067225192851,0.7615715146074802,0.23842848539251982,0
32,10,18.1475456,323.3204698754948,0.7840219818302409,0.21597801816975915,0
16,200,0.577344,70.243927132986,0.7723164468092968,0.22768355319070321,0
88,30,12.021725866666667,173.3108242018373,0.7636137524524488,0.23638624754755122,0
12,10,17.682572800000003,330.1583970121329,0.8033736508448966,0.19662634915510335,0
34,400,0.15103146666666667,126.31818181818181,0.6948697666534832,0.3051302333465168,0
54,22,14.918664533333335,272.3023131347368,0.782620471194276,0.21737952880572398,0
78,40,7.705442133333333,132.1718889819011,0.7733192761977958,0.22668072380220416,0
28,20,15.144328533333333,256.813084604301,0.7788526228837578,0.22114737711624222,0
32,30,9.117380266666666,138.91922205646722,0.7336189202418847,0.2663810797581153,0
90,25,15.165090133333333,238.74673467306167,0.793385960400842,0.20661403959915803,0
90,30,12.150237866666668,177.4896131284461,0.7832080631749277,0.21679193682507225,0
70,42,6.853312,114.33398050862996,0.7643416788846036,0.23565832111539642,0
34,2,18.538952533333333,324.950491375012,0.7999704032181782,0.20002959678182175,0
4,50,3.7528234666666664,76.69718235863404,0.8330942007894785,0.1669057992105215,0
78,400,0.17393920000000002,121.73944612063679,0.7308852748546618,0.2691147251453382,0
26,2,18.4926208,355.83409426026213,0.7685141091521219,0.23148589084787807,0
56,27,12.072678400000001,185.96549150258582,0.7603697287256488,0.23963027127435121,0
94,30,12.239978666666666,173.26800446552568,0.8123716119766657,0.18762838802333426,0
22,37,6.705800533333333,121.79331352674785,0.7676658997551652,0.2323341002448348,0
4,200,0.5535872,61.830901677880796,0.8384779609547812,0.16152203904521878,0
38,15,17.051426133333333,287.6478603240791,0.7957233309345245,0.20427666906547548,0
92,5,18.737753599999998,284.9208500511716,0.8150462888642817,0.18495371113571835,0
28,45,5.123861333333334,92.9551223496622,0.7550355773354261,0.24496442266457386,0
50,35,8.165738666666666,155.81322001828417,0.7745366004038989,0.22546339959610107,0
36,10,18.134442666666665,320.736051637107,0.8149964943321114,0.1850035056678886,0
58,20,16.150698666666667,297.18303947292475,0.7975838238246701,0.20241617617532992,0
56,32,9.6849536,145.75061847034226,0.7491280495138356,0.2508719504861644,0
96,75,3.1148544,78.48486457115938,0.8646917172115653,0.13530828278843465,0
40,75,2.3705216,89.95467614703713,0.8315991439746144,0.16840085602538557,0
60,30,10.595950933333334,159.05217353937533,0.7610760296461421,0.23892397035385793,0
20,400,0.14481919999999998,121.18667138059043,0.7009899239879795,0.29901007601202045,0
10,32,7.695505066666667,114.56189177803168,0.7797341367483647,0.22026586325163533,0
76,50,5.512558933333333,105.65723958459033,0.7946433685292483,0.20535663147075167,0
8,400,0.13957546666666665,122.54941460581422,0.7590866016568337,0.24091339834316627,0
50,1000,0.0021546666666666667,57.312871287128715,0.33663366336633666,0.6633663366336633,0
40,25,12.2598272,180.84594859387505,0.7612070312595162,0.23879296874048384,0
74,35,9.032349866666667,139.1129389483652,0.7329870186309878,0.2670129813690122,0
60,35,8.665655466666667,136.99033138891886,0.758961168638507,0.24103883136149296,0
60,42,6.704942933333333,121.91073342149677,0.7659651371231159,0.23403486287688413,0
70,45,6.221277866666666,106.08694946799437,0.7650989773076416,0.23490102269235835,0
38,200,0.6291072,76.61774739397886,0.7748479114529289,0.22515208854707114,0
64,200,0.6909824,77.945711304176,0.7800665641652619,0.21993343583473812,0
2,22,11.972155733333334,195.33955136371617,0.8400501929098416,0.15994980709015838,0
28,40,6.120832,100.86478655904696,0.7418710833211346,0.2581289166788654,0
66,42,6.9297408,122.90342011159193,0.7799524430504914,0.22004755694950862,0
6,40,5.464917333333334,96.82996139838832,0.8068837637800194,0.19311623621998064,0
70,35,8.843605333333333,128.6286613865471,0.7554382646956656,0.24456173530433445,0
68,40,7.054984533333334,125.89795977894497,0.7582739042716352,0.2417260957283648,0
38,10,18.197294933333332,309.77314361126105,0.7971629951856873,0.20283700481431266,0
90,15,17.861290666666665,271.65385852981694,0.7960451383580492,0.20395486164195076,0
16,22,12.79488,188.15138315178285,0.7786934773909564,0.2213065226090436,0
20,50,4.109115733333333,85.7269836994486,0.8004888513239896,0.19951114867601039,0
34,30,9.409335466666667,134.4859306009655,0.7567016564088636,0.24329834359113645,0
4,30,8.158318933333334,127.24839224915318,0.8061556210795845,0.1938443789204155,0
4,45,4.486464,88.0093183481893,0.8219578417806689,0.17804215821933111,0
84,22,15.7371008,262.8062667130544,0.7786257555140017,0.2213742444859983,0
28,32,8.384238933333334,118.51717559354148,0.7339510935057322,0.2660489064942678,0
92,20,17.017595733333334,267.9697796116051,0.8157098698031515,0.18429013019684848,0
24,10,18.012829866666664,318.54712406479774,0.8022183654814808,0.19778163451851916,0
58,50,5.1001856,106.81294262542612,0.7668393348927014,0.2331606651072986,0
66,22,15.700177066666667,293.943293531288,0.8148317444029166,0.1851682555970834,0
80,42,7.402065066666666,127.55745325821904,0.7754901118765272,0.22450988812347283,0
54,10,18.2564992,317.8457564834753,0.7916941564203795,0.20830584357962045,0
56,35,8.589179733333333,131.99874172907644,0.7483012425183387,0.25169875748166126,0
46,2,18.7798656,328.65049558446816,0.7923038597251729,0.20769614027482708,0
86,42,7.669380266666667,133.24601107236182,0.7660654093354644,0.2339345906645356,0
32,5,18.458743466666668,327.41999046669446,0.7840857293168153,0.2159142706831847,0
30,400,0.150208,121.9967050134924,0.6816645362874592,0.31833546371254084,0
96,5,18.483963733333333,256.8529641355449,0.8409825632782025,0.15901743672179747,0
76,400,0.17509973333333334,124.16796218231438,0.7216793781524891,0.27832062184751094,0
4,22,12.166263466666667,191.25778648708766,0.8252258135107952,0.17477418648920484,0
56,10,18.0991744,318.9068712791678,0.7959096594667507,0.20409034053324926,0
64,10,18.138060799999998,314.9177893805734,0.8132613897365111,0.18673861026348892,0
92,15,18.019677866666665,275.6141584917221,0.8154889398540783,0.18451106014592167,0
86,22,16.051669333333333,264.5768460854093,0.7691816560387654,0.23081834396123457,0
42,1000,0.002158933333333333,72.47826086956522,0.46047430830039526,0.5395256916996047,0
94,42,7.877469866666667,129.98129567351643,0.8054127159339689,0.1945872840660311,0
34,37,7.064128,112.50311419329171,0.7601704461376313,0.2398295538623687,0
88,22,15.9764096,252.39375758214354,0.7762175217807803,0.2237824782192197,0
70,50,5.290679466666667,99.93399134645884,0.7773763450572297,0.22262365494277025,0
44,400,0.13633706666666667,136.76125054766226,0.7267008825186205,0.27329911748137947,0
98,35,10.003012266666666,151.21196213158638,0.8273552585333229,0.17264474146667708,0
66,10,18.075430400000002,318.67451272122224,0.8171941510172837,0.18280584898271635,0
98,400,0.18865066666666666,119.95648535564854,0.8508198575144181,0.14918014248558187,0
96,50,6.146688,114.26113838134857,0.8275678001985243,0.17243219980147573,0
50,10,18.581009066666667,312.2057904134419,0.8326090191240996,0.16739098087590043,0
90,200,0.7650304,67.32848681568733,0.8245939856333377,0.17540601436666226,0
